Sr,Stroke No.,Date,Advance Time,Excavation per Stroke,Boring Energy,RPM,Torque,Thrust Force,Speed,Gripper Pressure,Total Revolution,Front Shield Pressure LHS,Front Shield Pressure RHS,Q-Value,Q-Value based,Penetration
81,4029,,29,1.3070101902173914,13.364266304347826,3.7241168478260867,1442.1195652173913,4110.364809782609,44.484375,201.03328804347825,107,55.19972826086956,57.81046195652174,3.730298913043478,3.7676630434782608,11.997961956521738
81,4029,2016-11-05,29,1.3070101902173914,13.364266304347826,3.7241168478260867,1442.1195652173913,4110.364809782609,44.484375,201.03328804347825,107,55.19972826086956,57.81046195652174,3.730298913043478,3.7676630434782608,11.997961956521738
1,3812,2016-01-23,16,1.612,1.3,2.3,500.0,3600.0,101.0,253.0,37,80.0,58.0,4.0,5.0,44.5
2,3813,2016-01-23,78,1.559,9.9,2.3,800.0,3224.0,20.0,242.0,179,60.0,62.0,4.0,4.0,8.6
3,3814,2016-01-23,43,0.901,9.3,2.0,900.0,2895.0,21.0,245.0,86,69.0,69.0,4.0,5.0,10.5
4,3815,2016-01-24,80,1.396,15.6,2.0,1300.0,2962.0,18.0,245.0,160,59.0,66.0,4.0,3.0,8.9
5,3816,2016-01-24,71,1.526,7.1,2.3,600.0,3709.0,21.0,456.0,163,75.0,78.0,4.0,5.0,9.4
6,3817,2016-01-25,37,0.909,11.4,2.4,1100.0,3866.0,25.0,322.0,89,74.0,58.0,4.0,4.0,10.3
1,3819,2016-05-02,58,1.406,6.3,2.0,700.0,3229.0,24.0,243.0,116,79.0,74.0,4.0,5.0,12.2
2,3820,2016-06-02,60,1.444,11.9,2.2,1200.0,3054.0,24.0,245.0,132,75.0,75.0,4.0,4.0,11.0
3,3821,2016-09-02,58,1.493,8.6,2.2,900.0,2809.0,25.0,243.0,128,71.0,75.0,4.0,5.0,11.7
4,3822,2016-10-02,61,1.513,10.9,2.2,1100.0,3397.0,24.0,244.0,134,71.0,65.0,4.0,4.0,11.2
5,3823,2016-12-02,64,1.524,9.5,2.1,1000.0,3674.0,24.0,244.0,134,71.0,56.0,4.0,4.0,11.3
6,3824,2016-12-02,58,1.392,8.3,2.3,800.0,2887.0,24.0,246.0,133,55.0,81.0,4.0,5.0,10.6
7,3825,2016-02-13,54,1.416,10.5,2.3,1100.0,3032.0,26.0,234.0,124,58.0,82.0,4.0,4.0,11.2
8,3826,2016-02-14,60,1.42,7.9,2.2,800.0,2566.0,24.0,223.0,132,68.0,79.0,4.0,5.0,10.8
9,3827,2016-02-14,58,1.39,9.4,2.1,1000.0,2596.0,24.0,215.0,122,50.0,63.0,4.0,5.0,11.4
10,3828,2016-02-15,52,1.442,9.3,2.4,1000.0,2830.0,28.0,225.0,125,66.0,70.0,4.0,5.0,11.8
11,3829,2016-02-15,37,1.005,9.7,2.2,1100.0,2707.0,27.0,245.0,81,77.0,80.0,4.0,4.0,12.4
12,3830,2016-02-16,67,1.407,8.6,2.1,800.0,2858.0,21.0,244.0,141,53.0,76.0,4.0,5.0,10.1
13,3831,2016-02-19,60,1.413,9.9,2.0,1100.0,3039.0,24.0,243.0,120,66.0,77.0,4.0,4.0,11.7
14,3832,2016-02-19,54,1.404,11.9,2.2,1300.0,3296.0,26.0,243.0,119,57.0,75.0,4.0,4.0,11.8
15,3833,2016-02-20,43,1.104,10.0,2.1,1100.0,3485.0,25.0,246.0,90,62.0,71.0,4.0,4.0,12.4
16,3834,2016-02-20,65,1.668,9.1,2.2,1000.0,3411.0,26.0,247.0,143,67.0,78.0,4.0,5.0,11.5
17,3835,2016-02-21,35,1.004,10.3,2.3,1200.0,2944.0,29.0,245.0,81,55.0,79.0,4.0,4.0,12.7
18,3836,2016-02-21,39,1.004,13.1,2.1,1500.0,2695.0,26.0,243.0,82,55.0,82.0,4.0,4.0,12.4
19,3837,2016-02-22,43,1.002,10.8,2.1,1100.0,2927.0,23.0,244.0,90,70.0,83.0,4.0,4.0,10.9
20,3838,2016-02-22,77,1.649,14.7,2.2,1300.0,3605.0,21.0,245.0,169,58.0,81.0,4.0,3.0,9.8
21,3839,2016-02-22,50,1.356,15.6,2.3,1700.0,3600.0,27.0,245.0,115,44.0,78.0,4.0,3.0,11.7
22,3840,2016-02-23,39,1.101,14.2,2.3,1600.0,3574.0,28.0,245.0,90,58.0,77.0,4.0,3.0,12.6
23,3841,2016-02-23,38,0.999,10.5,2.3,1100.0,3361.0,26.0,244.0,87,77.0,61.0,4.0,4.0,11.2
24,3842,2016-02-24,73,1.739,12.3,2.1,1300.0,3184.0,24.0,247.0,153,76.0,70.0,4.0,4.0,11.2
25,3843,2016-02-24,51,1.296,13.3,2.2,1400.0,3141.0,25.0,245.0,112,80.0,58.0,4.0,4.0,11.7
26,3844,2016-02-25,73,1.728,13.2,2.1,1400.0,3321.0,24.0,246.0,153,84.0,72.0,4.0,4.0,11.1
27,3845,2016-02-25,46,1.316,11.1,2.3,1300.0,3243.0,29.0,245.0,106,75.0,42.0,4.0,4.0,12.3
28,3846,2016-02-25,59,1.725,9.4,2.3,1100.0,3496.0,29.0,246.0,136,61.0,71.0,4.0,5.0,12.5
29,3847,2016-02-26,49,1.319,13.2,2.2,1500.0,3733.0,27.0,246.0,108,74.0,82.0,4.0,4.0,12.2
30,3848,2016-02-26,39,1.047,10.9,2.1,1300.0,3549.0,27.0,245.0,82,73.0,83.0,4.0,4.0,12.7
31,3849,2016-02-26,69,1.717,12.3,2.2,1300.0,3554.0,25.0,247.0,152,81.0,77.0,4.0,4.0,11.5
32,3850,2016-02-26,52,1.337,13.5,2.5,1300.0,3524.0,26.0,245.0,130,68.0,70.0,4.0,4.0,10.2
33,3851,2016-02-26,62,1.726,13.3,2.3,1500.0,3188.0,28.0,247.0,143,53.0,72.0,4.0,4.0,12.2
34,3852,2016-02-26,50,1.305,13.4,2.3,1400.0,3200.0,26.0,246.0,115,67.0,83.0,4.0,4.0,11.3
35,3853,2016-02-27,36,1.026,14.5,2.3,1700.0,3470.0,29.0,245.0,83,56.0,82.0,4.0,3.0,12.6
36,3854,2016-02-27,76,1.741,13.8,2.1,1400.0,3427.0,23.0,250.0,160,76.0,79.0,4.0,3.0,10.8
37,3855,2016-02-27,53,1.409,11.4,2.2,1300.0,3367.0,27.0,248.0,117,78.0,57.0,4.0,4.0,12.3
38,3856,2016-02-27,53,1.417,12.3,2.2,1400.0,3473.0,27.0,244.0,117,72.0,31.0,4.0,4.0,11.9
39,3857,2016-02-28,29,0.72,14.5,2.1,1600.0,3658.0,25.0,244.0,61,87.0,60.0,4.0,3.0,11.6
40,3858,2016-02-28,28,0.8,14.2,2.3,1600.0,3830.0,28.0,246.0,64,92.0,74.0,4.0,3.0,12.4
41,3859,2016-02-28,56,1.414,11.9,2.3,1200.0,3643.0,25.0,245.0,129,76.0,64.0,4.0,4.0,11.0
42,3860,2016-02-28,55,1.412,16.2,2.3,1700.0,4179.0,26.0,247.0,127,65.0,79.0,4.0,3.0,11.0
43,3861,2016-02-29,54,1.444,14.9,2.2,1700.0,3971.0,27.0,245.0,119,34.0,97.0,4.0,3.0,12.0
1,3865,2016-01-03,50,1.393,10.2,2.2,1200.0,3464.0,28.0,247.0,110,81.0,82.0,4.0,4.0,12.6
2,3866,2016-02-03,56,1.428,11.4,2.4,1100.0,3722.0,25.0,246.0,134,77.0,45.0,4.0,4.0,10.6
3,3867,2016-03-03,61,1.619,10.9,2.1,1300.0,4025.0,27.0,246.0,128,81.0,78.0,4.0,4.0,12.4
4,3868,2016-03-03,50,1.417,11.1,2.4,1200.0,3583.0,28.0,245.0,120,70.0,74.0,4.0,4.0,11.9
5,3869,2016-03-03,48,1.422,8.6,2.3,1000.0,3199.0,29.0,245.0,110,74.0,74.0,4.0,5.0,12.6
6,3870,2016-04-03,48,1.415,12.5,2.4,1400.0,3238.0,29.0,246.0,115,80.0,86.0,4.0,4.0,12.2
7,3871,2016-04-03,54,1.565,11.6,2.4,1300.0,3084.0,29.0,245.0,130,80.0,83.0,4.0,4.0,11.9
8,3872,2016-04-03,57,1.525,9.2,2.3,1000.0,2553.0,27.0,248.0,131,67.0,80.0,4.0,5.0,11.7
9,3873,2016-04-03,46,1.408,10.3,2.2,1300.0,2640.0,30.0,249.0,101,64.0,75.0,4.0,4.0,13.5
10,3874,2016-04-03,46,1.444,9.6,2.3,1200.0,2808.0,31.0,247.0,106,72.0,74.0,4.0,4.0,13.7
11,3875,2016-05-03,57,1.735,12.9,2.4,1500.0,3212.0,30.0,246.0,137,74.0,84.0,4.0,4.0,12.9
12,3876,2016-05-03,40,1.145,13.5,2.5,1400.0,3485.0,28.0,245.0,100,77.0,86.0,4.0,3.0,11.3
13,3877,2016-05-03,25,1.013,9.7,3.0,1200.0,3049.0,40.0,209.0,75,77.0,80.0,4.0,4.0,13.4
14,3878,2016-05-03,25,1.017,13.3,3.0,1600.0,2903.0,39.0,206.0,75,75.0,59.0,4.0,4.0,13.0
15,3879,2016-05-03,27,1.026,11.4,3.1,1300.0,2812.0,38.0,206.0,84,69.0,61.0,4.0,4.0,12.5
16,3880,2016-05-03,24,1.017,10.6,3.1,1300.0,2994.0,41.0,207.0,74,68.0,69.0,4.0,4.0,13.3
17,3881,2016-06-03,27,1.031,11.4,3.1,1300.0,3315.0,38.0,207.0,84,69.0,83.0,4.0,4.0,12.2
18,3882,2016-06-03,27,1.002,14.5,3.1,1600.0,3426.0,37.0,206.0,84,75.0,90.0,4.0,3.0,11.9
19,3883,2016-06-03,27,1.044,12.3,3.1,1400.0,3505.0,38.0,207.0,84,73.0,88.0,4.0,4.0,12.3
20,3884,2016-06-03,28,1.038,10.9,3.4,1100.0,3290.0,37.0,205.0,95,75.0,78.0,4.0,4.0,10.8
21,3885,2016-07-03,27,1.028,13.5,3.4,1400.0,3407.0,38.0,208.0,92,78.0,83.0,4.0,3.0,11.3
22,3886,2016-07-03,28,1.117,13.2,3.4,1400.0,3524.0,39.0,205.0,95,81.0,74.0,4.0,4.0,11.5
23,3887,2016-07-03,26,1.008,11.8,3.2,1300.0,3517.0,38.0,198.0,83,76.0,64.0,4.0,4.0,11.7
24,3888,2016-07-03,20,1.011,12.8,3.2,1300.0,3714.0,35.0,208.0,64,77.0,73.0,4.0,4.0,13.9
25,3889,2016-08-03,26,1.016,13.7,3.1,1600.0,3854.0,39.0,208.0,81,72.0,81.0,4.0,3.0,12.2
26,3890,2016-08-03,32,1.189,14.5,3.1,1600.0,4128.0,37.0,206.0,99,81.0,79.0,4.0,3.0,11.9
27,3891,2016-08-03,26,1.007,9.1,3.2,1000.0,3774.0,38.0,207.0,83,63.0,74.0,4.0,5.0,11.9
28,3892,2016-08-03,25,1.01,10.4,3.2,1200.0,3656.0,40.0,207.0,80,68.0,73.0,4.0,4.0,12.6
29,3893,2016-08-03,24,1.011,9.3,3.3,1100.0,3493.0,42.0,208.0,79,59.0,79.0,4.0,5.0,12.9
30,3894,2016-08-03,28,1.019,10.9,3.2,1100.0,3761.0,35.0,206.0,90,78.0,79.0,4.0,4.0,11.0
31,3895,2016-09-03,25,1.046,10.2,3.0,1200.0,3642.0,38.0,208.0,75,69.0,81.0,4.0,4.0,12.6
32,3896,2016-09-03,26,1.045,8.9,2.9,1100.0,3863.0,39.0,208.0,75,84.0,83.0,4.0,5.0,13.4
33,3897,2016-09-03,24,1.153,10.9,3.4,1400.0,4156.0,47.0,207.0,82,84.0,69.0,4.0,4.0,13.6
34,3898,2016-09-03,26,0.997,11.8,3.2,1300.0,5145.0,38.0,208.0,83,87.0,51.0,4.0,4.0,12.0
35,3899,2016-09-03,23,0.897,8.5,3.4,900.0,4952.0,39.0,207.0,78,85.0,79.0,4.0,5.0,11.5
36,3900,2016-10-03,31,1.035,11.5,2.7,1300.0,4433.0,33.0,208.0,84,86.0,18.0,4.0,4.0,12.0
37,3901,2016-10-03,29,1.044,11.8,2.8,1400.0,3902.0,36.0,207.0,81,84.0,17.0,4.0,4.0,13.0
38,3902,2016-10-03,27,1.021,11.2,3.2,1200.0,3622.0,37.0,209.0,86,83.0,16.0,4.0,4.0,11.5
39,3903,2016-11-03,27,1.018,12.7,3.1,1400.0,3550.0,37.0,206.0,84,79.0,21.0,4.0,4.0,11.9
40,3904,2016-11-03,29,1.161,11.7,3.1,1400.0,3372.0,40.0,208.0,90,55.0,7.0,4.0,4.0,12.9
41,3905,2016-11-03,26,1.047,10.4,3.2,1200.0,2976.0,40.0,189.0,83,61.0,80.0,4.0,4.0,12.8
42,3906,2016-11-03,24,1.046,11.9,3.4,1400.0,3360.0,43.0,190.0,82,71.0,78.0,4.0,4.0,12.8
43,3907,2016-11-03,19,1.016,11.4,3.8,1500.0,3483.0,54.0,189.0,72,65.0,78.0,4.0,4.0,14.0
44,3908,2016-11-03,26,1.018,14.6,3.1,1700.0,3574.0,39.0,189.0,81,66.0,78.0,4.0,3.0,12.6
45,3909,2016-12-03,25,1.011,11.6,3.3,1300.0,3629.0,40.0,188.0,83,82.0,55.0,4.0,4.0,12.2
46,3910,2016-12-03,26,1.012,12.2,3.3,1300.0,3431.0,38.0,189.0,86,70.0,74.0,4.0,4.0,11.4
47,3911,2016-12-03,25,1.018,14.2,3.3,1600.0,3803.0,40.0,189.0,83,51.0,80.0,4.0,3.0,12.0
48,3912,2016-12-03,33,1.267,13.1,3.3,1400.0,4000.0,38.0,190.0,109,62.0,67.0,4.0,4.0,11.4
49,3913,2016-03-13,24,1.0,11.0,3.2,1300.0,3523.0,41.0,186.0,77,74.0,56.0,4.0,4.0,12.7
50,3914,2016-03-13,26,1.467,8.2,3.4,1000.0,3346.0,45.0,190.0,88,66.0,73.0,4.0,5.0,13.1
51,3915,2016-03-13,29,1.222,9.9,3.2,1200.0,3676.0,42.0,190.0,93,75.0,79.0,4.0,4.0,13.3
52,3916,2016-03-13,31,1.25,9.8,3.3,1100.0,3611.0,40.0,188.0,102,68.0,87.0,4.0,4.0,12.0
53,3917,2016-03-13,31,1.214,10.4,2.9,1300.0,3717.0,39.0,188.0,90,54.0,91.0,3.0,4.0,13.2
54,3918,2016-03-14,29,1.223,8.4,3.2,1000.0,3300.0,41.0,190.0,93,47.0,82.0,3.0,5.0,12.9
55,3919,2016-03-14,28,1.223,9.9,3.3,1200.0,3337.0,43.0,189.0,92,55.0,76.0,3.0,4.0,13.2
56,3920,2016-03-14,31,1.217,11.5,3.2,1300.0,3270.0,39.0,191.0,99,75.0,48.0,4.0,4.0,12.2
57,3921,2016-03-14,34,1.309,11.0,3.3,1200.0,3044.0,39.0,189.0,112,76.0,39.0,4.0,4.0,11.6
58,3922,2016-03-14,28,1.181,9.0,3.5,1000.0,2980.0,42.0,189.0,98,74.0,69.0,3.0,5.0,12.0
59,3923,2016-03-14,28,1.235,9.4,3.4,1100.0,3342.0,43.0,188.0,95,42.0,86.0,3.0,5.0,12.5
60,3924,2016-03-14,28,1.241,11.1,3.4,1300.0,3615.0,43.0,188.0,95,69.0,75.0,4.0,4.0,12.7
61,3925,2016-03-14,29,1.298,12.5,3.4,1500.0,3338.0,44.0,189.0,99,67.0,69.0,4.0,4.0,13.0
62,3926,2016-03-15,28,1.469,11.4,3.4,1300.0,3359.0,42.0,190.0,95,69.0,74.0,4.0,4.0,12.1
63,3927,2016-03-15,33,1.369,13.9,3.3,1600.0,3855.0,41.0,189.0,109,63.0,73.0,4.0,3.0,12.6
64,3928,2016-03-16,34,1.384,13.4,3.3,1500.0,3519.0,40.0,187.0,112,50.0,71.0,4.0,4.0,12.4
65,3929,2016-03-16,27,1.2,11.0,3.2,1400.0,2986.0,44.0,189.0,86,46.0,82.0,4.0,4.0,13.7
66,3930,2016-03-16,41,1.204,11.9,3.2,1000.0,2671.0,29.0,188.0,131,54.0,74.0,4.0,4.0,9.3
67,3931,2016-03-16,29,1.241,11.0,3.3,1300.0,2949.0,42.0,191.0,96,56.0,70.0,4.0,4.0,12.9
68,3932,2016-03-16,30,1.026,11.6,2.8,1300.0,3333.0,34.0,189.0,84,67.0,49.0,4.0,4.0,12.2
69,3933,2016-03-16,26,1.012,11.4,3.1,1300.0,3294.0,38.0,189.0,81,77.0,43.0,4.0,4.0,12.1
70,3934,2016-03-17,26,1.009,12.2,3.3,1300.0,3383.0,38.0,190.0,86,73.0,44.0,4.0,4.0,11.3
71,3935,2016-03-17,25,1.013,13.4,3.3,1500.0,3622.0,40.0,188.0,83,70.0,55.0,4.0,4.0,12.0
72,3936,2016-03-17,30,1.164,13.2,3.4,1400.0,3709.0,39.0,190.0,102,77.0,71.0,4.0,4.0,11.5
73,3937,2016-03-17,27,1.027,10.2,2.9,1200.0,3841.0,37.0,189.0,78,86.0,72.0,4.0,4.0,12.9
74,3938,2016-03-17,28,1.038,13.9,2.9,1600.0,3750.0,36.0,190.0,81,74.0,59.0,4.0,3.0,12.6
75,3939,2016-03-17,27,1.051,14.6,3.1,1700.0,3843.0,39.0,190.0,84,69.0,70.0,4.0,3.0,12.6
76,3940,2016-03-18,27,1.017,13.1,3.2,1400.0,3796.0,37.0,189.0,86,74.0,74.0,4.0,4.0,11.5
77,3941,2016-03-18,26,1.02,11.5,3.2,1300.0,3918.0,39.0,192.0,83,71.0,77.0,4.0,4.0,12.0
78,3942,2016-03-18,28,1.037,10.8,3.0,1200.0,3809.0,36.0,187.0,84,78.0,71.0,4.0,4.0,12.0
79,3943,2016-03-18,32,1.016,12.1,2.9,1200.0,3642.0,31.0,190.0,93,75.0,79.0,4.0,4.0,10.8
80,3944,2016-03-18,28,1.011,12.0,3.0,1300.0,3677.0,35.0,190.0,84,50.0,78.0,4.0,4.0,11.5
81,3945,2016-03-19,45,1.704,13.6,3.1,1500.0,3629.0,37.0,192.0,140,62.0,68.0,4.0,3.0,11.8
82,3946,2016-03-19,21,0.851,11.0,3.3,1200.0,3342.0,39.0,190.0,69,69.0,68.0,4.0,4.0,11.9
83,3947,2016-03-19,2,0.068,14.6,3.3,1400.0,2983.0,34.0,187.0,7,80.0,63.0,4.0,3.0,10.4
84,3948,2016-03-19,29,1.018,11.7,2.7,1400.0,3427.0,35.0,209.0,78,76.0,65.0,4.0,4.0,12.8
85,3949,2016-03-19,25,1.029,11.3,3.0,1400.0,3316.0,40.0,208.0,75,69.0,67.0,4.0,4.0,13.2
86,3950,2016-03-20,25,1.017,8.1,3.0,1000.0,3361.0,40.0,207.0,75,60.0,66.0,4.0,5.0,13.1
87,3951,2016-03-20,39,1.649,10.7,3.2,1300.0,3641.0,42.0,210.0,125,58.0,73.0,4.0,4.0,13.0
88,3952,2016-03-20,47,1.645,12.4,3.0,1300.0,3722.0,34.0,204.0,141,57.0,75.0,4.0,4.0,11.3
89,3953,2016-03-20,35,1.56,12.6,3.2,1600.0,3646.0,44.0,196.0,112,67.0,68.0,3.0,4.0,13.8
90,3954,2016-03-20,32,1.447,10.3,3.3,1300.0,2977.0,45.0,201.0,106,69.0,73.0,3.0,4.0,13.7
91,3955,2016-03-20,31,1.437,12.0,3.4,1500.0,3873.0,46.0,198.0,105,81.0,44.0,3.0,4.0,13.7
92,3956,2016-03-20,28,1.417,10.9,3.6,1400.0,4164.0,50.0,200.0,101,88.0,67.0,3.0,4.0,13.7
93,3957,2016-03-20,31,1.413,13.8,3.6,1600.0,4342.0,45.0,198.0,112,83.0,55.0,3.0,3.0,12.4
94,3958,2016-03-20,32,1.415,12.3,3.5,1400.0,3318.0,43.0,200.0,112,75.0,69.0,3.0,4.0,12.4
95,3959,2016-03-21,33,1.417,11.4,3.5,1300.0,3680.0,43.0,198.0,116,55.0,83.0,3.0,4.0,12.1
96,3960,2016-03-21,33,1.376,12.5,3.4,1400.0,3861.0,41.0,198.0,112,44.0,76.0,3.0,4.0,12.0
97,3961,2016-03-21,28,1.22,9.6,3.1,1200.0,3224.0,42.0,198.0,87,63.0,76.0,4.0,4.0,13.8
98,3962,2016-03-21,29,1.221,10.1,3.2,1200.0,3433.0,41.0,198.0,93,71.0,78.0,4.0,4.0,12.7
99,3963,2016-03-21,29,1.241,11.0,3.3,1300.0,3658.0,42.0,197.0,96,78.0,59.0,4.0,4.0,12.8
100,3964,2016-03-21,29,1.231,11.5,3.2,1400.0,3587.0,42.0,196.0,93,72.0,51.0,4.0,4.0,13.0
101,3965,2016-03-22,28,1.215,8.3,3.3,1000.0,3624.0,43.0,199.0,92,61.0,70.0,4.0,5.0,13.0
102,3966,2016-03-22,35,1.409,10.7,3.3,1200.0,4732.0,40.0,196.0,116,80.0,53.0,4.0,4.0,12.0
103,3967,2016-03-22,34,1.416,9.9,3.2,1200.0,4730.0,42.0,197.0,109,83.0,70.0,4.0,4.0,13.2
104,3968,2016-03-22,29,1.424,11.8,3.5,1500.0,4762.0,48.0,196.0,102,73.0,86.0,4.0,4.0,13.9
105,3969,2016-03-22,29,1.436,11.6,3.5,1500.0,4516.0,49.0,198.0,102,64.0,94.0,4.0,4.0,13.9
106,3970,2016-03-22,28,1.409,11.7,3.6,1500.0,3794.0,50.0,198.0,101,59.0,88.0,4.0,4.0,13.8
107,3971,2016-03-23,32,1.438,12.4,3.7,1400.0,3387.0,45.0,195.0,118,72.0,68.0,4.0,4.0,12.3
108,3972,2016-03-23,31,1.412,10.8,3.4,1300.0,2609.0,44.0,197.0,105,57.0,75.0,4.0,4.0,13.2
109,3973,2016-03-23,32,1.416,11.3,3.3,1400.0,2355.0,44.0,199.0,106,62.0,62.0,4.0,4.0,13.3
110,3974,2016-03-23,33,1.521,10.1,3.3,1300.0,2486.0,46.0,197.0,109,67.0,61.0,4.0,4.0,13.9
111,3975,2016-03-23,29,1.429,8.7,3.5,1100.0,2852.0,48.0,197.0,102,81.0,59.0,4.0,5.0,13.9
112,3976,2016-03-23,28,1.441,11.4,3.6,1500.0,3515.0,51.0,189.0,101,75.0,57.0,4.0,4.0,14.3
113,3977,2016-03-23,28,1.402,12.2,3.7,1500.0,3483.0,49.0,187.0,104,73.0,75.0,4.0,4.0,13.3
114,3978,2016-03-23,29,1.487,11.7,3.6,1500.0,3784.0,50.0,186.0,104,82.0,59.0,4.0,4.0,13.8
115,3979,2016-03-23,26,1.439,13.6,4.0,1700.0,3973.0,54.0,189.0,104,85.0,41.0,4.0,4.0,13.6
116,3980,2016-03-24,26,1.291,11.1,4.1,1200.0,3860.0,48.0,189.0,107,73.0,76.0,4.0,4.0,11.8
117,3981,2016-03-24,30,1.435,11.4,3.8,1300.0,3602.0,47.0,190.0,114,85.0,50.0,4.0,4.0,12.4
118,3982,2016-03-24,36,1.417,10.0,3.6,1000.0,3254.0,39.0,200.0,130,79.0,63.0,4.0,4.0,11.1
119,3983,2016-03-24,30,1.428,10.7,3.8,1200.0,3498.0,46.0,197.0,114,78.0,74.0,4.0,4.0,12.3
120,3984,2016-03-25,31,1.418,13.7,3.8,1500.0,3412.0,45.0,196.0,118,66.0,70.0,4.0,3.0,13.6
121,3985,2016-03-25,33,1.421,11.3,3.2,1400.0,3533.0,43.0,199.0,106,55.0,72.0,4.0,4.0,13.3
122,3986,2016-03-25,35,1.524,13.7,3.2,1700.0,3752.0,43.0,199.0,112,54.0,71.0,4.0,3.0,13.5
123,3987,2016-03-25,30,1.431,8.3,3.6,1000.0,3282.0,47.0,198.0,108,73.0,74.0,4.0,5.0,13.1
124,3988,2016-03-25,26,1.425,10.3,3.9,1300.0,3480.0,53.0,197.0,101,76.0,69.0,4.0,4.0,13.7
125,3989,2016-03-25,26,1.278,10.3,3.9,1200.0,3456.0,49.0,199.0,101,79.0,78.0,4.0,4.0,12.4
126,3990,2016-03-25,28,1.441,11.0,3.9,1300.0,3480.0,50.0,198.0,109,81.0,68.0,4.0,4.0,12.9
128,3992,2016-03-25,26,1.241,11.6,3.6,1400.0,3616.0,47.0,199.0,94,70.0,82.0,4.0,4.0,13.0
129,3993,2016-03-26,28,1.277,10.3,3.3,1300.0,3488.0,45.0,200.0,92,44.0,86.0,4.0,4.0,13.5
130,3994,2016-03-26,29,1.312,8.7,3.3,1100.0,3334.0,45.0,198.0,96,57.0,75.0,4.0,5.0,13.5
131,3995,2016-03-26,36,1.567,11.6,3.3,1400.0,3339.0,43.0,200.0,119,65.0,66.0,4.0,4.0,13.0
132,3996,2016-03-26,21,1.116,13.7,3.8,1700.0,3119.0,51.0,195.0,80,67.0,79.0,4.0,3.0,13.3
133,3997,2016-03-26,23,1.2,12.4,3.9,1500.0,3196.0,51.0,199.0,90,50.0,76.0,4.0,4.0,13.0
134,3998,2016-03-26,35,1.409,10.1,3.4,1100.0,3034.0,40.0,198.0,119,75.0,57.0,4.0,4.0,11.9
135,3999,2016-03-27,30,1.411,12.0,3.4,1500.0,3131.0,46.0,198.0,102,66.0,69.0,4.0,4.0,13.4
136,4000,2016-03-27,31,1.417,10.4,3.4,1300.0,2886.0,46.0,198.0,105,51.0,74.0,4.0,4.0,13.3
137,4001,2016-03-27,30,1.352,11.4,3.4,1400.0,2749.0,45.0,198.0,102,64.0,73.0,4.0,4.0,13.1
138,4002,2016-03-27,21,1.008,8.0,3.5,1000.0,2635.0,47.0,199.0,74,76.0,53.0,4.0,5.0,13.6
139,4003,2016-03-27,25,1.236,12.0,3.8,1400.0,3135.0,48.0,200.0,95,67.0,79.0,4.0,4.0,12.8
140,4004,2016-03-27,25,1.43,12.1,4.2,1500.0,3165.0,56.0,200.0,105,52.0,69.0,4.0,4.0,13.4
141,4005,2016-03-27,25,1.432,9.5,4.1,1200.0,3458.0,56.0,198.0,103,69.0,90.0,4.0,4.0,13.6
142,4006,2016-03-27,30,1.427,8.9,3.6,1100.0,3611.0,48.0,202.0,108,69.0,78.0,4.0,5.0,13.1
143,4007,2016-03-28,28,1.275,10.9,3.5,1300.0,3698.0,45.0,200.0,98,70.0,72.0,4.0,4.0,13.0
144,4008,2016-03-28,30,1.321,8.8,3.5,1000.0,3578.0,43.0,199.0,105,65.0,76.0,4.0,5.0,12.5
145,4009,2016-03-28,0,0.032,13.7,3.5,1200.0,2110.0,33.0,194.0,0,91.0,71.0,3.0,4.0,9.3
146,4010,2016-03-28,18,0.729,9.1,3.3,1000.0,3434.0,39.0,200.0,59,87.0,68.0,3.0,5.0,11.8
147,4011,2016-03-28,16,0.798,10.3,3.8,1200.0,3292.0,48.0,199.0,61,83.0,72.0,3.0,4.0,13.2
148,4012,2016-03-28,26,1.417,7.8,3.8,1000.0,3151.0,53.0,201.0,99,70.0,68.0,3.0,5.0,13.7
149,4013,2016-03-28,25,1.433,9.3,4.1,1200.0,3548.0,57.0,198.0,103,74.0,76.0,3.0,5.0,13.8
150,4014,2016-03-28,6,0.379,9.2,4.1,1200.0,3662.0,58.0,197.0,25,47.0,65.0,3.0,5.0,14.3
151,4015,2016-03-28,1,0.04,6.9,3.3,600.0,2554.0,31.0,214.0,3,53.0,76.0,3.0,5.0,9.5
152,4016,2016-03-28,7,0.31,9.6,3.3,1100.0,3767.0,41.0,217.0,23,56.0,74.0,3.0,5.0,12.5
153,4017,2016-03-28,11,0.543,7.2,3.4,900.0,3245.0,46.0,199.0,37,46.0,73.0,3.0,5.0,13.4
154,4018,2016-03-28,23,1.221,11.3,3.9,1400.0,3604.0,52.0,198.0,90,57.0,76.0,3.0,4.0,13.1
155,4019,2016-03-29,30,1.223,12.0,3.5,1300.0,3703.0,41.0,199.0,105,71.0,85.0,3.0,4.0,11.7
156,4020,2016-03-29,38,1.527,10.7,3.5,1100.0,3569.0,39.0,199.0,133,63.0,73.0,3.0,4.0,11.1
157,4021,2016-03-30,29,1.21,8.0,3.3,900.0,3764.0,40.0,198.0,96,59.0,70.0,3.0,5.0,12.2
158,4022,2016-03-30,32,1.219,11.9,3.4,1200.0,3893.0,37.0,199.0,109,45.0,74.0,4.0,4.0,11.1
159,4023,2016-03-30,34,1.209,9.2,3.3,900.0,3802.0,35.0,201.0,112,66.0,64.0,4.0,5.0,10.7
160,4024,2016-03-30,32,1.223,8.7,3.4,900.0,3738.0,38.0,201.0,109,74.0,65.0,4.0,5.0,11.0
161,4025,2016-03-31,29,1.198,11.3,3.3,1300.0,3641.0,41.0,200.0,96,66.0,48.0,4.0,4.0,12.2
162,4026,2016-03-31,32,1.232,9.4,3.3,1000.0,3792.0,38.0,198.0,106,79.0,68.0,4.0,5.0,11.4
163,4027,2016-03-31,25,1.347,11.8,3.8,1500.0,3997.0,52.0,197.0,95,63.0,63.0,4.0,4.0,13.7
164,4028,2016-03-31,31,1.239,11.9,3.3,1300.0,3673.0,39.0,195.0,102,59.0,70.0,4.0,4.0,11.8
165,4029,2016-03-31,26,1.22,12.3,3.5,1500.0,3689.0,46.0,199.0,91,62.0,66.0,4.0,4.0,13.2
166,4030,2016-03-31,28,1.239,9.7,3.5,1100.0,3969.0,43.0,200.0,98,59.0,70.0,4.0,4.0,12.5
1,4031,2016-01-04,27,1.226,12.0,3.5,1400.0,4473.0,44.0,197.0,95,69.0,84.0,4.0,4.0,12.7
2,4032,2016-01-04,24,1.234,9.4,3.7,1200.0,4277.0,51.0,198.0,89,74.0,66.0,4.0,4.0,13.8
3,4033,2016-01-04,23,1.24,12.2,3.9,1500.0,4743.0,52.0,198.0,90,87.0,55.0,4.0,4.0,13.5
4,4034,2016-01-04,25,1.185,9.6,3.7,1100.0,4898.0,46.0,198.0,93,81.0,27.0,4.0,4.0,12.6
5,4035,2016-01-04,29,1.233,9.9,3.5,1100.0,4768.0,42.0,199.0,102,72.0,66.0,4.0,4.0,12.0
6,4036,2016-01-04,27,1.157,13.1,3.4,1500.0,4262.0,42.0,199.0,92,55.0,70.0,4.0,4.0,12.5
7,4037,2016-02-04,32,1.252,10.6,3.4,1100.0,3332.0,38.0,198.0,109,73.0,70.0,4.0,4.0,11.2
8,4038,2016-02-04,30,9.146,10.7,3.3,1200.0,3200.0,40.0,196.0,99,67.0,64.0,4.0,4.0,12.2
9,4039,2016-02-04,26,1.205,11.4,3.4,1400.0,3383.0,45.0,199.0,88,71.0,64.0,4.0,4.0,13.1
10,4040,2016-02-04,26,1.141,9.5,3.5,1100.0,3328.0,44.0,199.0,91,86.0,64.0,4.0,4.0,12.5
11,4041,2016-02-04,31,1.414,11.0,3.6,1300.0,3911.0,46.0,200.0,112,70.0,70.0,4.0,4.0,12.8
12,4042,2016-02-04,38,1.668,13.2,3.6,1500.0,3875.0,44.0,199.0,137,59.0,69.0,4.0,4.0,12.1
13,4043,2016-02-04,24,1.099,11.2,3.6,1300.0,3713.0,45.0,199.0,86,66.0,71.0,4.0,4.0,12.5
14,4044,2016-03-04,28,1.412,10.3,3.6,1300.0,3820.0,49.0,199.0,101,82.0,86.0,4.0,4.0,13.7
15,4045,2016-03-04,27,1.226,11.2,3.8,1200.0,3852.0,44.0,198.0,103,77.0,75.0,4.0,4.0,11.7
16,4046,2016-03-04,28,1.219,11.8,3.6,1300.0,4198.0,43.0,199.0,101,77.0,64.0,4.0,4.0,11.9
17,4047,2016-03-04,34,1.582,10.2,3.6,1200.0,4538.0,46.0,200.0,122,78.0,70.0,4.0,4.0,12.7
18,4048,2016-03-04,30,1.173,9.2,3.6,900.0,4499.0,38.0,199.0,108,73.0,64.0,4.0,5.0,10.5
19,4049,2016-04-04,29,1.231,8.6,3.7,900.0,4115.0,42.0,197.0,107,74.0,65.0,4.0,5.0,11.5
20,4050,2016-04-04,27,1.231,11.5,3.9,1200.0,3982.0,44.0,199.0,105,69.0,68.0,4.0,4.0,11.5
21,4051,2016-04-04,16,0.699,14.1,4.0,1400.0,4142.0,43.0,197.0,64,58.0,74.0,4.0,3.0,10.8
22,4052,2016-04-04,10,0.503,9.9,4.2,1000.0,4052.0,46.0,198.0,42,80.0,92.0,4.0,4.0,11.1
23,4053,2016-04-04,34,1.557,11.6,3.8,1300.0,5325.0,46.0,468.0,129,74.0,84.0,4.0,4.0,12.0
24,4054,2016-04-04,10,0.002,5.9,3.3,200.0,395.0,12.0,196.0,0,52.0,78.0,4.0,5.0,3.7
25,4055,2016-04-04,29,1.098,11.9,3.7,1100.0,4740.0,37.0,195.0,107,58.0,72.0,4.0,4.0,10.0
26,4056,2016-04-04,31,1.212,11.6,3.7,1100.0,4277.0,38.0,200.0,115,66.0,77.0,4.0,4.0,10.1
27,4057,2016-05-04,28,1.235,14.3,3.8,1500.0,4377.0,43.0,198.0,106,52.0,74.0,4.0,3.0,11.3
28,4058,2016-05-04,28,1.227,17.7,3.8,1900.0,5477.0,44.0,201.0,106,74.0,76.0,4.0,2.0,11.4
29,4059,2016-05-04,27,1.22,21.5,3.9,2300.0,6838.0,45.0,199.0,105,76.0,72.0,4.0,2.0,11.5
30,4060,2016-05-04,31,1.169,21.6,3.9,1900.0,6196.0,37.0,199.0,121,65.0,60.0,4.0,2.0,9.4
31,4061,2016-05-04,28,1.216,17.6,3.8,1800.0,6327.0,42.0,200.0,106,84.0,59.0,4.0,2.0,11.0
32,4062,2016-05-04,26,1.233,13.7,3.9,1500.0,4568.0,46.0,202.0,101,64.0,67.0,4.0,3.0,11.7
33,4063,2016-06-04,24,1.24,18.5,3.9,2200.0,5762.0,50.0,201.0,94,65.0,63.0,4.0,2.0,12.8
34,4064,2016-06-04,33,1.362,20.0,3.8,2000.0,6035.0,41.0,200.0,125,66.0,70.0,4.0,2.0,10.7
35,4065,2016-06-04,29,1.237,13.7,3.8,1400.0,4884.0,42.0,199.0,110,59.0,65.0,4.0,3.0,11.0
36,4066,2016-06-04,25,1.223,17.9,3.9,2000.0,6080.0,47.0,201.0,98,71.0,56.0,4.0,2.0,12.1
37,4067,2016-06-04,23,1.234,19.6,4.1,2300.0,6262.0,52.0,199.0,94,65.0,50.0,4.0,2.0,12.6
38,4068,2016-06-04,26,1.232,18.8,4.1,2000.0,5664.0,47.0,199.0,107,78.0,53.0,4.0,2.0,11.3
39,4069,2016-06-04,24,-0.101,16.0,4.2,1800.0,4754.0,51.0,196.0,101,86.0,49.0,4.0,3.0,12.1
40,4070,2016-06-04,33,1.74,17.1,4.2,2000.0,5271.0,53.0,198.0,139,79.0,59.0,4.0,3.0,12.4
41,4071,2016-07-04,19,0.98,11.8,4.2,1300.0,4346.0,50.0,199.0,80,82.0,86.0,4.0,4.0,11.9
42,4072,2016-07-04,24,1.337,13.4,4.2,1600.0,4259.0,54.0,200.0,101,63.0,50.0,4.0,4.0,12.9
43,4073,2016-07-04,28,1.556,14.8,4.2,1800.0,3906.0,55.0,200.0,118,50.0,66.0,4.0,3.0,13.3
44,4074,2016-07-04,30,1.419,13.7,3.8,1600.0,3577.0,48.0,200.0,114,52.0,70.0,4.0,3.0,12.2
45,4075,2016-07-04,31,1.416,14.0,3.9,1500.0,3681.0,45.0,198.0,121,61.0,82.0,4.0,3.0,11.9
46,4076,2016-07-04,24,1.226,13.3,4.1,1500.0,3530.0,50.0,198.0,98,51.0,76.0,4.0,4.0,12.3
47,4077,2016-08-04,24,1.209,12.6,4.1,1400.0,3325.0,49.0,201.0,98,47.0,73.0,4.0,4.0,11.8
48,4078,2016-08-04,23,1.234,12.9,3.9,1600.0,3259.0,52.0,200.0,90,51.0,178.0,4.0,4.0,13.2
49,4079,2016-08-04,24,1.203,11.2,3.9,1300.0,3220.0,49.0,200.0,94,54.0,58.0,4.0,4.0,12.8
50,4080,2016-08-04,18,0.925,10.6,4.1,1200.0,3398.0,50.0,200.0,74,63.0,46.0,4.0,4.0,12.3
51,4081,2016-08-04,14,0.751,10.2,4.1,1200.0,3532.0,52.0,197.0,57,83.0,47.0,4.0,4.0,12.7
52,4082,2016-08-04,23,1.229,10.0,4.3,1100.0,3320.0,51.0,199.0,99,76.0,40.0,4.0,4.0,11.8
53,4083,2016-08-04,24,1.237,10.5,4.4,1100.0,3461.0,50.0,198.0,106,75.0,67.0,4.0,4.0,11.2
54,4084,2016-08-04,24,1.021,10.4,3.6,1100.0,4094.0,41.0,198.0,86,86.0,60.0,4.0,4.0,11.4
55,4085,2016-09-04,25,1.02,14.5,3.5,1500.0,4979.0,39.0,199.0,88,83.0,63.0,4.0,3.0,11.2
56,4086,2016-09-04,39,1.441,13.0,3.7,1200.0,4031.0,37.0,196.0,144,71.0,57.0,4.0,4.0,9.9
57,4087,2016-09-04,28,1.214,13.7,3.8,1400.0,3714.0,42.0,198.0,106,68.0,65.0,4.0,3.0,11.0
59,4089,2016-10-04,29,1.217,11.0,3.9,1100.0,3658.0,42.0,199.0,113,67.0,79.0,4.0,4.0,10.7
60,4090,2016-10-04,26,1.223,13.4,3.8,1500.0,3833.0,46.0,198.0,99,69.0,74.0,4.0,4.0,12.4
61,4091,,26,1.385,12.8,4.2,1500.0,4028.0,53.0,201.0,109,67.0,76.0,4.0,4.0,12.7
62,4092,2016-10-04,21,1.175,9.7,4.4,1100.0,3732.0,54.0,201.0,92,61.0,73.0,4.0,4.0,12.3
63,4093,2016-10-04,26,1.426,9.4,4.2,1100.0,3531.0,53.0,200.0,109,59.0,68.0,4.0,5.0,12.5
64,4094,2016-10-04,26,1.431,7.4,4.1,900.0,3537.0,54.0,196.0,107,41.0,82.0,4.0,5.0,13.2
65,4095,2016-10-04,25,1.428,7.1,4.0,900.0,3374.0,55.0,200.0,100,51.0,69.0,4.0,5.0,13.6
66,4096,2016-10-04,25,1.432,8.9,4.1,1100.0,3018.0,55.0,198.0,103,63.0,67.0,4.0,5.0,13.5
67,4097,2016-10-04,24,1.404,11.2,4.0,1400.0,3063.0,54.0,191.0,96,73.0,80.0,3.0,4.0,13.5
68,4098,2016-10-04,27,1.466,10.0,4.1,1200.0,3475.0,53.0,189.0,111,84.0,81.0,3.0,4.0,12.9
69,4099,2016-11-04,29,1.535,9.2,4.1,1100.0,3398.0,53.0,189.0,119,68.0,65.0,3.0,5.0,12.7
70,4100,2016-11-04,29,1.543,11.9,4.1,1400.0,4129.0,52.0,190.0,119,74.0,83.0,3.0,4.0,12.7
71,4101,2016-11-04,24,1.297,10.6,4.0,1300.0,4047.0,53.0,189.0,96,61.0,80.0,3.0,4.0,13.4
72,4102,2016-11-04,9,0.425,12.3,3.5,1500.0,3914.0,46.0,188.0,32,51.0,81.0,3.0,4.0,13.4
73,4103,2016-11-04,31,1.495,10.1,4.0,1100.0,3526.0,47.0,192.0,124,57.0,67.0,4.0,4.0,11.7
74,4104,2016-11-04,35,1.526,10.8,3.9,1100.0,3374.0,43.0,192.0,137,56.0,64.0,4.0,4.0,11.0
75,4105,2016-11-04,34,1.527,9.4,3.9,1000.0,3652.0,45.0,189.0,133,69.0,46.0,4.0,5.0,11.2
76,4106,2016-11-04,32,1.542,12.0,4.1,1300.0,3616.0,48.0,191.0,131,72.0,44.0,4.0,4.0,11.7
77,4107,2016-12-04,34,1.421,14.6,3.7,1500.0,3943.0,41.0,192.0,126,65.0,62.0,4.0,3.0,11.3
78,4108,2016-12-04,38,1.527,12.3,3.8,1200.0,4463.0,40.0,191.0,144,84.0,56.0,4.0,4.0,10.4
79,4109,2016-12-04,29,1.27,11.8,4.0,1200.0,5086.0,44.0,190.0,116,57.0,85.0,4.0,4.0,10.8
80,3362,2016-04-13,34,1.526,9.4,3.8,1000.0,4787.0,44.0,193.0,129,65.0,70.0,4.0,5.0,11.5
81,3363,2016-04-13,32,1.53,12.5,4.2,1300.0,3957.0,47.0,189.0,134,64.0,58.0,4.0,4.0,11.2
82,3364,2016-04-13,28,1.332,13.1,3.5,1600.0,4101.0,46.0,191.0,98,51.0,78.0,4.0,4.0,13.4
83,3365,2016-04-13,26,1.315,11.2,3.7,1400.0,3847.0,50.0,188.0,96,52.0,71.0,4.0,4.0,13.7
84,3366,2016-04-13,26,1.227,9.4,4.1,1000.0,3758.0,47.0,188.0,107,78.0,53.0,4.0,5.0,11.6
85,3367,2016-04-14,22,1.224,8.4,4.2,1000.0,3608.0,54.0,191.0,92,68.0,57.0,4.0,5.0,12.7
86,3368,2016-04-14,23,14.237,8.5,4.1,1000.0,3495.0,52.0,190.0,94,68.0,62.0,4.0,5.0,12.5
87,3369,2016-04-14,26,1.424,9.8,4.1,1200.0,3309.0,54.0,191.0,107,80.0,61.0,4.0,4.0,13.3
88,3370,2016-04-14,23,1.371,9.9,4.1,1300.0,3443.0,58.0,189.0,94,84.0,68.0,4.0,4.0,14.0
89,3371,2016-04-14,26,1.318,9.0,3.8,1100.0,3707.0,50.0,189.0,99,68.0,73.0,4.0,5.0,13.2
90,3372,2016-04-14,26,1.319,11.2,3.7,1400.0,3847.0,50.0,193.0,96,52.0,88.0,4.0,4.0,13.7
91,3373,2016-04-14,26,1.321,11.6,3.9,1400.0,3357.0,51.0,189.0,101,50.0,86.0,4.0,4.0,13.2
92,3374,2016-04-14,27,1.323,10.6,3.7,1300.0,3533.0,49.0,189.0,100,76.0,77.0,4.0,4.0,13.0
93,3375,2016-04-14,24,1.241,12.3,3.8,1500.0,4486.0,50.0,191.0,91,79.0,46.0,4.0,4.0,13.3
94,3376,2016-04-15,25,1.231,13.7,3.8,1600.0,4629.0,48.0,193.0,95,76.0,52.0,4.0,3.0,12.8
95,3377,2016-04-15,24,1.204,13.7,3.8,1600.0,5123.0,48.0,191.0,91,66.0,59.0,4.0,3.0,12.7
96,3378,2016-04-15,24,1.027,12.4,3.8,1300.0,3842.0,43.0,186.0,91,64.0,57.0,4.0,4.0,11.3
97,3379,2016-04-15,27,1.211,10.9,3.4,1300.0,3571.0,44.0,190.0,92,56.0,55.0,4.0,4.0,12.9
98,3380,2016-04-15,13,0.592,9.5,3.6,1100.0,2571.0,45.0,191.0,47,57.0,64.0,4.0,4.0,12.5
99,3381,2016-04-15,17,0.841,11.9,3.7,1400.0,3861.0,47.0,189.0,63,47.0,74.0,4.0,4.0,12.8
100,3382,2016-04-15,30,1.429,10.5,3.8,1200.0,3660.0,47.0,191.0,114,70.0,75.0,4.0,4.0,12.2
101,3383,2016-04-16,30,1.437,9.6,3.8,1100.0,3661.0,47.0,190.0,114,74.0,58.0,4.0,4.0,12.3
102,3384,2016-04-16,29,1.426,8.4,4.2,900.0,4143.0,49.0,190.0,122,83.0,71.0,4.0,5.0,11.6
103,3385,2016-04-16,25,1.225,12.3,4.3,1300.0,4967.0,49.0,188.0,108,75.0,67.0,4.0,4.0,11.4
104,3386,2016-04-17,23,1.025,12.8,3.4,1500.0,4965.0,43.0,183.0,78,87.0,72.0,4.0,4.0,12.6
105,3387,2016-04-17,29,1.233,12.6,3.5,1400.0,4208.0,42.0,189.0,102,85.0,75.0,4.0,4.0,11.7
106,3388,2016-04-17,26,1.196,9.8,3.7,1100.0,3977.0,45.0,190.0,96,68.0,69.0,4.0,4.0,12.1
107,3389,2016-04-17,26,1.203,10.0,3.8,1100.0,3885.0,45.0,188.0,99,61.0,71.0,4.0,4.0,11.9
108,3390,2016-04-17,25,1.209,10.5,3.9,1200.0,4183.0,48.0,190.0,98,65.0,68.0,4.0,4.0,12.4
109,3391,2016-04-18,26,1.228,12.0,4.0,1300.0,4183.0,47.0,192.0,104,62.0,68.0,4.0,4.0,11.9
110,3392,2016-04-18,26,1.222,11.0,3.9,1200.0,4195.0,46.0,187.0,101,67.0,72.0,4.0,4.0,11.8
111,3393,2016-04-18,28,1.227,12.7,3.9,1300.0,4005.0,43.0,188.0,109,62.0,64.0,4.0,4.0,11.2
112,3394,2016-04-18,30,1.431,10.1,4.0,1100.0,3959.0,47.0,190.0,120,57.0,69.0,4.0,4.0,11.6
113,3395,2016-04-18,28,1.206,10.8,3.5,1200.0,3990.0,42.0,188.0,98,50.0,66.0,4.0,4.0,12.2
114,3396,2016-04-18,28,1.244,13.7,3.5,1600.0,4175.0,44.0,194.0,98,51.0,74.0,4.0,3.0,12.5
115,3397,2016-04-18,26,1.252,12.5,3.7,1500.0,3945.0,48.0,189.0,96,55.0,83.0,4.0,4.0,12.8
116,3398,2016-04-18,25,1.223,10.1,3.8,1200.0,4925.0,49.0,189.0,95,67.0,75.0,4.0,4.0,12.7
117,3399,2016-04-18,25,1.22,9.5,4.2,1000.0,4433.0,48.0,190.0,105,65.0,70.0,4.0,4.0,11.3
118,3400,2016-04-19,31,1.424,10.6,4.0,1100.0,3723.0,45.0,189.0,124,61.0,66.0,4.0,4.0,11.5
119,3401,2016-04-19,31,1.428,8.5,4.0,900.0,4093.0,46.0,191.0,124,58.0,87.0,4.0,5.0,11.6
120,3402,2016-04-19,19,0.923,10.2,3.7,1200.0,4571.0,47.0,189.0,70,51.0,81.0,4.0,4.0,12.6
121,3403,2016-04-19,7,0.31,8.6,3.7,900.0,4370.0,42.0,188.0,26,54.0,79.0,4.0,5.0,11.3
122,3404,2016-04-19,27,1.257,11.5,3.5,1400.0,4225.0,46.0,189.0,95,73.0,73.0,4.0,4.0,13.1
123,3405,2016-04-19,28,1.233,12.1,4.0,1200.0,4685.0,43.0,188.0,112,72.0,52.0,4.0,4.0,10.7
124,3406,2016-04-20,25,1.23,10.0,4.1,1100.0,4759.0,49.0,190.0,103,53.0,68.0,4.0,4.0,12.0
125,3407,2016-04-20,32,1.408,9.6,3.8,1000.0,3978.0,43.0,191.0,122,53.0,73.0,4.0,4.0,11.4
126,3408,2016-04-20,31,1.374,10.0,3.7,1100.0,4050.0,44.0,192.0,115,70.0,59.0,4.0,4.0,11.9
127,3409,2016-04-20,24,1.184,9.2,3.7,1100.0,3932.0,48.0,189.0,89,83.0,60.0,4.0,5.0,12.8
128,3410,2016-04-20,25,1.244,11.0,3.9,1300.0,4034.0,50.0,190.0,98,81.0,50.0,4.0,4.0,12.8
129,3411,2016-04-20,24,1.216,12.0,3.9,1400.0,3853.0,49.0,188.0,94,80.0,59.0,4.0,4.0,12.6
130,3412,2016-04-20,25,1.235,9.2,3.8,1100.0,4425.0,49.0,192.0,95,69.0,63.0,4.0,5.0,12.7
131,3413,2016-04-21,19,0.873,10.3,3.8,1100.0,4903.0,44.0,189.0,72,69.0,54.0,4.0,4.0,11.6
132,3414,2016-04-21,13,0.59,11.2,3.8,1200.0,5026.0,44.0,190.0,49,63.0,51.0,4.0,4.0,11.6
133,3415,2016-04-21,30,1.343,12.1,3.8,1300.0,4553.0,44.0,187.0,114,64.0,62.0,4.0,4.0,11.5
134,3416,2016-04-21,22,1.05,11.0,3.6,1300.0,4190.0,46.0,190.0,79,68.0,65.0,4.0,4.0,12.9
135,3417,2016-04-21,21,1.018,11.1,4.0,1200.0,5385.0,47.0,187.0,84,57.0,77.0,4.0,4.0,11.9
136,3418,2016-04-21,25,1.07,12.0,3.1,1500.0,4804.0,42.0,189.0,78,66.0,71.0,4.0,4.0,13.5
137,3419,2016-04-21,23,0.973,9.8,3.8,1000.0,4250.0,42.0,190.0,87,65.0,74.0,4.0,4.0,11.2
138,3420,2016-04-22,27,1.184,11.5,3.8,1200.0,4988.0,43.0,188.0,103,78.0,67.0,4.0,4.0,11.4
139,3421,2016-04-22,21,0.995,10.4,3.7,1200.0,4774.0,46.0,186.0,78,70.0,80.0,4.0,4.0,12.6
140,3422,2016-04-22,23,1.022,12.7,3.9,1300.0,3982.0,43.0,190.0,90,51.0,69.0,4.0,4.0,11.0
141,3423,2016-04-23,22,1.031,8.0,3.8,900.0,3687.0,46.0,192.0,84,52.0,66.0,4.0,5.0,12.1
142,3424,2016-04-23,24,1.004,8.3,3.5,900.0,3262.0,41.0,193.0,84,53.0,66.0,4.0,5.0,11.7
143,3425,2016-04-23,27,1.181,9.0,3.5,1000.0,3355.0,42.0,191.0,95,64.0,74.0,4.0,5.0,12.2
144,3426,2016-04-23,22,1.016,7.4,3.4,900.0,3463.0,45.0,191.0,75,69.0,73.0,4.0,5.0,13.1
145,3427,2016-04-23,21,1.05,9.4,3.8,1100.0,3276.0,48.0,191.0,80,71.0,69.0,4.0,5.0,12.7
146,3428,2016-04-23,22,1.229,9.0,3.8,1200.0,3206.0,55.0,189.0,84,71.0,68.0,4.0,5.0,14.4
147,3429,2016-04-23,23,-0.064,9.5,3.9,1200.0,3473.0,53.0,186.0,90,85.0,73.0,4.0,5.0,13.8
148,3430,2016-04-23,24,1.227,11.0,4.0,1300.0,4288.0,51.0,189.0,96,84.0,36.0,4.0,4.0,12.8
149,3431,2016-04-23,23,1.213,12.2,4.0,1500.0,4984.0,53.0,189.0,92,89.0,57.0,4.0,4.0,13.2
150,3432,2016-04-23,25,1.22,13.8,4.0,1500.0,5020.0,47.0,191.0,100,83.0,74.0,4.0,4.0,11.8
151,3433,2016-04-24,28,1.223,11.9,3.9,1300.0,4039.0,46.0,189.0,109,54.0,68.0,4.0,4.0,11.7
152,3434,2016-04-24,28,1.318,9.3,3.6,1100.0,3501.0,46.0,186.0,101,55.0,64.0,4.0,5.0,12.7
153,3435,2016-04-24,25,1.204,8.3,3.7,1000.0,3396.0,48.0,189.0,93,74.0,61.0,4.0,5.0,12.9
154,3436,2016-04-24,31,1.508,13.5,4.0,1500.0,3858.0,48.0,188.0,124,70.0,64.0,4.0,4.0,12.1
155,3437,2016-04-24,27,1.481,10.5,4.1,1300.0,3957.0,55.0,188.0,111,74.0,71.0,4.0,4.0,13.4
156,3438,2016-04-24,24,1.462,13.7,4.4,1700.0,5201.0,59.0,189.0,106,76.0,69.0,4.0,3.0,13.4
157,3439,2016-04-24,22,1.175,14.1,4.0,1700.0,5057.0,52.0,191.0,88,70.0,74.0,4.0,3.0,13.0
158,3440,2016-04-25,31,1.474,15.4,4.1,1600.0,5834.0,46.0,190.0,127,67.0,61.0,4.0,3.0,11.4
159,3441,2016-04-25,33,1.498,13.6,3.7,1500.0,5096.0,44.0,189.0,122,82.0,76.0,4.0,4.0,11.9
160,3442,2016-04-25,30,1.383,10.6,3.4,1300.0,4486.0,45.0,192.0,102,73.0,79.0,4.0,4.0,13.2
161,3443,2016-04-25,24,1.325,8.0,4.0,1000.0,3794.0,54.0,187.0,96,69.0,64.0,4.0,5.0,13.6
162,3444,2016-04-25,23,1.411,13.4,4.3,1700.0,4520.0,59.0,189.0,99,48.0,82.0,4.0,4.0,13.7
163,3445,2016-04-25,26,1.461,9.5,4.1,1200.0,4114.0,56.0,194.0,107,64.0,87.0,4.0,4.0,13.7
164,3446,2016-04-26,29,1.435,7.4,4.2,800.0,4380.0,49.0,190.0,122,75.0,69.0,4.0,5.0,11.8
165,3447,2016-04-26,28,1.232,9.4,3.8,1000.0,4881.0,44.0,189.0,106,76.0,83.0,4.0,5.0,11.4
166,3448,2016-04-26,27,1.223,9.5,3.6,1100.0,5126.0,45.0,194.0,97,87.0,60.0,4.0,5.0,12.7
167,3449,2016-04-26,26,1.18,8.0,3.6,900.0,4792.0,44.0,190.0,94,89.0,64.0,4.0,5.0,12.2
168,3450,2016-04-26,14,0.674,7.4,4.0,800.0,5197.0,47.0,188.0,56,76.0,84.0,4.0,5.0,11.7
169,3451,2016-04-26,17,0.888,8.6,4.1,1000.0,5276.0,52.0,189.0,70,45.0,87.0,4.0,5.0,12.5
170,3452,2016-04-26,31,1.303,7.9,3.3,900.0,4423.0,41.0,190.0,102,78.0,55.0,4.0,5.0,12.3
171,3453,2016-04-26,29,1.241,6.8,3.3,800.0,3941.0,42.0,191.0,96,88.0,36.0,4.0,5.0,12.9
172,3454,2016-04-27,29,1.215,6.1,3.3,700.0,3330.0,41.0,190.0,96,62.0,50.0,4.0,5.0,12.8
173,3455,2016-04-27,25,1.038,9.8,3.7,1000.0,3348.0,41.0,184.0,93,62.0,73.0,4.0,4.0,11.1
174,3456,2016-04-27,21,1.032,9.2,3.7,1100.0,3201.0,48.0,189.0,78,45.0,76.0,4.0,5.0,13.0
175,3457,2016-04-27,21,1.029,9.0,3.7,1100.0,4227.0,49.0,189.0,78,36.0,74.0,4.0,5.0,13.1
176,3458,2016-04-27,23,1.216,9.6,4.1,1100.0,3405.0,51.0,191.0,94,48.0,70.0,4.0,4.0,12.5
177,3459,2016-04-27,22,1.217,8.0,4.0,1000.0,2529.0,54.0,190.0,88,59.0,72.0,4.0,5.0,13.3
178,3460,2016-04-28,25,1.242,7.5,3.7,900.0,3539.0,48.0,189.0,93,79.0,64.0,4.0,5.0,13.1
179,3461,2016-04-28,26,1.231,7.9,3.8,900.0,2679.0,47.0,188.0,99,71.0,50.0,4.0,5.0,12.3
180,3462,2016-04-28,26,1.218,9.6,3.8,1100.0,2923.0,47.0,190.0,99,63.0,71.0,4.0,4.0,12.2
181,3463,2016-04-28,30,1.38,8.9,3.8,1000.0,3332.0,46.0,188.0,114,51.0,75.0,4.0,5.0,12.1
182,3464,2016-04-28,24,1.198,7.8,3.9,900.0,3466.0,49.0,188.0,94,49.0,80.0,4.0,5.0,12.6
183,3465,2016-04-28,22,1.215,9.8,4.0,1200.0,2504.0,53.0,188.0,88,36.0,76.0,4.0,4.0,13.5
184,3466,2016-04-28,22,1.229,8.7,4.1,1100.0,2034.0,56.0,190.0,90,45.0,73.0,4.0,5.0,13.6
185,3467,2016-04-28,22,1.26,8.3,4.3,1000.0,2314.0,56.0,187.0,95,61.0,74.0,4.0,5.0,13.1
186,3468,2016-04-28,21,1.201,10.0,4.0,1300.0,2177.0,56.0,189.0,84,61.0,75.0,4.0,4.0,13.9
187,3469,2016-04-28,22,1.224,10.6,4.0,1300.0,3680.0,53.0,188.0,88,65.0,81.0,4.0,4.0,13.4
188,3470,2016-04-28,24,1.231,8.9,4.1,1000.0,4072.0,50.0,188.0,98,63.0,90.0,4.0,5.0,12.2
189,3471,2016-04-29,25,1.24,7.0,3.9,800.0,3802.0,48.0,186.0,98,69.0,77.0,4.0,5.0,12.4
190,3472,2016-04-29,26,1.36,7.5,4.0,900.0,4023.0,52.0,190.0,104,65.0,69.0,4.0,5.0,13.2
191,3473,2016-04-29,28,1.422,7.6,3.9,900.0,3891.0,50.0,188.0,109,74.0,58.0,4.0,5.0,12.8
192,3474,2016-04-29,24,1.337,11.2,4.0,1400.0,3545.0,54.0,191.0,96,79.0,70.0,3.0,4.0,13.6
193,3475,2016-04-29,25,1.443,10.9,4.1,1400.0,3309.0,57.0,188.0,103,73.0,72.0,4.0,4.0,14.0
194,3476,2016-04-29,21,1.252,10.7,4.1,1400.0,3165.0,58.0,185.0,86,60.0,70.0,4.0,4.0,14.3
195,3477,2016-04-29,22,1.292,11.1,4.2,1400.0,2740.0,57.0,189.0,92,59.0,66.0,4.0,4.0,13.6
196,3478,2016-04-29,22,1.242,10.2,4.0,1300.0,2070.0,55.0,190.0,88,52.0,73.0,4.0,4.0,13.6
197,3479,2016-04-29,26,1.23,10.4,3.7,1200.0,2847.0,46.0,192.0,96,66.0,67.0,4.0,4.0,12.4
198,3480,2016-04-30,25,1.224,11.3,3.6,1400.0,3139.0,48.0,187.0,90,87.0,58.0,4.0,4.0,13.4
199,3481,2016-04-30,28,1.325,11.8,3.6,1400.0,3251.0,46.0,188.0,101,85.0,65.0,4.0,4.0,12.8
200,3482,2016-04-30,23,1.208,9.6,3.6,1300.0,4032.0,53.0,189.0,83,77.0,64.0,4.0,4.0,14.5
201,3483,2016-04-30,22,1.208,7.2,4.0,900.0,3166.0,54.0,186.0,88,64.0,85.0,4.0,5.0,13.5
202,3484,2016-04-30,23,1.213,10.3,3.8,1300.0,3497.0,52.0,189.0,87,78.0,84.0,4.0,4.0,13.7
1,3485,2016-01-05,27,1.233,10.0,3.2,1300.0,3907.0,45.0,189.0,86,92.0,51.0,4.0,4.0,13.8
2,3486,2016-01-05,32,1.422,11.8,3.2,1500.0,3917.0,44.0,191.0,102,78.0,52.0,4.0,4.0,13.8
3,3487,2016-01-05,30,1.332,13.3,3.3,1600.0,4079.0,43.0,188.0,99,67.0,66.0,4.0,4.0,13.1
4,3488,2016-01-05,31,1.314,15.9,3.1,2000.0,4535.0,42.0,188.0,96,72.0,64.0,4.0,3.0,13.5
5,3489,2016-01-05,28,1.247,19.7,3.5,2300.0,5704.0,44.0,190.0,98,80.0,35.0,4.0,2.0,12.7
6,3490,2016-01-05,34,1.315,20.9,3.2,2300.0,6568.0,38.0,192.0,109,70.0,65.0,4.0,2.0,11.9
7,3491,2016-02-05,32,1.333,19.5,3.7,2000.0,7216.0,41.0,189.0,118,89.0,58.0,4.0,2.0,11.2
8,3492,2016-02-05,34,1.296,14.6,3.2,1600.0,6259.0,38.0,189.0,109,52.0,72.0,4.0,3.0,11.7
9,3493,2016-02-05,35,1.215,21.2,2.9,2300.0,7522.0,34.0,192.0,102,55.0,79.0,4.0,2.0,11.7
10,3494,2016-02-05,37,1.194,15.7,2.9,1600.0,5997.0,32.0,184.0,107,83.0,59.0,4.0,3.0,11.2
11,3495,2016-03-05,43,1.433,14.2,2.9,1500.0,4891.0,33.0,188.0,125,73.0,76.0,4.0,3.0,11.6
12,3496,2016-03-05,39,1.38,9.9,2.9,1100.0,4875.0,35.0,191.0,113,67.0,70.0,4.0,4.0,12.1
13,3497,2016-03-05,27,1.305,10.3,3.8,1200.0,3668.0,48.0,190.0,103,78.0,82.0,4.0,4.0,12.8
14,3498,2016-03-05,32,1.226,9.6,2.8,1200.0,3649.0,38.0,188.0,90,72.0,90.0,4.0,4.0,13.5
15,3499,2016-03-05,31,1.219,7.8,2.8,1000.0,3342.0,39.0,190.0,87,67.0,73.0,4.0,5.0,13.6
16,3500,2016-04-05,32,1.223,8.0,2.8,1000.0,2999.0,38.0,187.0,90,62.0,62.0,4.0,5.0,13.6
17,3501,2016-04-05,30,1.232,8.0,2.7,1100.0,3081.0,40.0,191.0,81,62.0,63.0,4.0,5.0,14.7
18,3502,2016-04-05,29,1.328,7.4,3.0,1000.0,2726.0,44.0,187.0,87,61.0,61.0,4.0,5.0,14.7
19,3503,2016-04-05,33,1.266,11.1,2.8,1400.0,2851.0,38.0,189.0,92,63.0,60.0,3.0,4.0,13.4
20,3504,2016-04-05,32,1.511,10.7,3.6,1300.0,2969.0,47.0,189.0,115,81.0,47.0,3.0,4.0,13.1
21,3505,2016-04-05,29,1.51,10.8,3.7,1400.0,3568.0,52.0,189.0,107,86.0,25.0,3.0,4.0,13.9
22,3506,2016-04-05,30,1.503,12.8,3.7,1600.0,3680.0,50.0,188.0,111,68.0,72.0,3.0,4.0,13.5
23,3507,2016-05-05,27,1.504,12.8,4.0,1600.0,3913.0,54.0,189.0,108,65.0,69.0,3.0,4.0,13.5
24,3508,2016-05-05,28,1.436,9.7,4.1,1100.0,3384.0,50.0,193.0,115,62.0,61.0,3.0,4.0,12.1
25,3509,2016-05-05,28,1.406,8.4,3.9,1000.0,3225.0,50.0,189.0,109,68.0,51.0,3.0,5.0,12.8
26,3510,2016-05-05,28,1.429,9.3,3.9,1100.0,3515.0,50.0,190.0,109,80.0,52.0,3.0,5.0,12.9
27,3511,2016-05-05,27,1.515,13.4,4.0,1700.0,4274.0,55.0,188.0,108,80.0,50.0,3.0,4.0,13.6
28,3512,2016-05-05,27,1.499,14.8,3.9,1900.0,4835.0,54.0,189.0,105,84.0,48.0,3.0,3.0,13.9
29,3513,2016-05-05,28,1.568,13.9,4.0,1800.0,4672.0,56.0,192.0,112,72.0,64.0,3.0,3.0,13.9
30,3514,2016-05-05,29,1.512,13.2,3.9,1600.0,4295.0,51.0,188.0,113,83.0,39.0,3.0,4.0,13.3
31,3515,2016-06-05,28,1.429,8.8,4.0,1000.0,3966.0,49.0,187.0,112,78.0,71.0,3.0,5.0,12.4
32,3516,2016-06-05,27,1.454,7.5,4.1,900.0,3198.0,53.0,189.0,111,45.0,80.0,3.0,5.0,12.9
33,3517,2016-06-05,26,1.371,9.4,4.1,1100.0,3389.0,52.0,189.0,107,29.0,87.0,3.0,5.0,12.5
34,3518,2016-06-05,17,0.871,8.9,4.1,1000.0,2966.0,50.0,187.0,70,27.0,82.0,3.0,5.0,12.2
35,3519,2016-06-05,13,0.661,8.0,4.1,900.0,2401.0,50.0,189.0,53,29.0,68.0,3.0,5.0,12.2
36,3520,2016-06-05,26,1.497,6.8,4.0,900.0,3375.0,57.0,190.0,104,41.0,79.0,3.0,5.0,14.1
37,3521,2016-06-05,26,1.517,7.6,4.0,1000.0,3331.0,57.0,187.0,104,45.0,66.0,3.0,5.0,14.1
38,3522,2016-06-05,27,1.44,6.4,3.9,800.0,2610.0,53.0,190.0,105,67.0,56.0,3.0,5.0,13.5
39,3523,2016-07-05,27,1.436,5.5,3.8,700.0,3023.0,52.0,191.0,103,74.0,39.0,3.0,5.0,13.9
40,3524,2016-07-05,27,1.432,6.9,3.7,900.0,2813.0,52.0,189.0,100,65.0,54.0,3.0,5.0,14.0
41,3525,2016-07-05,27,1.435,7.7,3.7,1000.0,2974.0,52.0,190.0,100,52.0,75.0,3.0,5.0,14.2
42,3526,2016-07-05,28,1.517,7.9,3.8,1000.0,2276.0,52.0,191.0,106,61.0,66.0,3.0,5.0,13.7
43,3527,2016-07-05,27,1.529,11.9,3.8,1600.0,2605.0,55.0,189.0,103,63.0,50.0,3.0,4.0,14.4
44,3528,2016-07-05,31,1.514,12.1,3.6,1500.0,3551.0,48.0,188.0,112,83.0,44.0,3.0,4.0,13.4
45,3529,2016-07-05,33,1.46,13.3,3.6,1500.0,4699.0,44.0,191.0,119,59.0,57.0,3.0,4.0,12.2
46,3530,2016-08-05,32,1.44,16.8,3.6,1900.0,5060.0,44.0,187.0,115,68.0,60.0,4.0,3.0,12.1
47,3531,2016-08-05,33,1.532,14.8,4.2,1500.0,4278.0,46.0,187.0,139,60.0,70.0,4.0,3.0,10.9
48,3532,2016-08-05,29,1.501,15.2,4.0,1800.0,4580.0,51.0,187.0,116,67.0,74.0,4.0,3.0,12.8
49,3533,2016-08-05,27,1.532,15.8,4.1,2000.0,4743.0,56.0,187.0,111,65.0,64.0,4.0,3.0,13.8
50,3534,2016-08-05,28,1.721,14.8,3.9,1900.0,4682.0,54.0,189.0,109,68.0,58.0,4.0,3.0,13.9
51,3535,2016-08-05,23,1.295,15.7,4.2,2000.0,5550.0,58.0,190.0,97,84.0,60.0,4.0,3.0,13.6
52,3536,2016-09-05,28,1.521,14.0,4.2,1700.0,4828.0,55.0,194.0,118,65.0,55.0,4.0,3.0,13.2
53,3537,2016-09-05,27,1.439,12.0,4.2,1400.0,4697.0,53.0,189.0,113,61.0,59.0,4.0,4.0,12.6
54,3538,2016-09-05,29,1.537,12.4,3.9,1500.0,3489.0,51.0,191.0,113,56.0,57.0,3.0,4.0,13.2
55,3539,2016-09-05,23,1.259,7.2,3.9,900.0,3222.0,53.0,189.0,90,60.0,65.0,3.0,5.0,13.8
56,3540,2016-09-05,27,1.503,10.5,4.1,1300.0,3499.0,55.0,186.0,111,51.0,64.0,3.0,4.0,13.4
57,3541,2016-09-05,26,1.516,15.2,4.3,1900.0,4319.0,58.0,190.0,112,59.0,78.0,3.0,3.0,13.6
58,3542,2016-09-05,25,1.497,14.6,4.2,1900.0,3826.0,59.0,191.0,105,71.0,77.0,3.0,3.0,14.2
59,3543,2016-09-05,26,1.542,14.2,4.3,1800.0,3854.0,59.0,191.0,112,70.0,87.0,3.0,3.0,13.7
60,3544,2016-09-05,26,1.521,19.0,4.3,2300.0,4439.0,56.0,188.0,112,71.0,67.0,3.0,2.0,13.1
61,3545,2016-10-05,29,1.532,21.4,4.3,2400.0,5320.0,52.0,189.0,125,61.0,60.0,3.0,2.0,12.1
62,3546,2016-10-05,29,1.526,20.1,4.3,2300.0,5428.0,53.0,192.0,125,60.0,70.0,3.0,2.0,12.2
63,3547,2016-10-05,28,1.557,13.1,4.1,1600.0,5257.0,54.0,190.0,115,82.0,71.0,4.0,4.0,13.1
64,3548,2016-10-05,29,1.505,13.1,4.5,1400.0,4942.0,52.0,190.0,131,74.0,52.0,4.0,4.0,11.5
65,3549,2016-10-05,28,1.538,12.4,4.2,1500.0,4053.0,55.0,190.0,118,75.0,45.0,4.0,4.0,13.2
66,3550,2016-10-05,27,1.527,9.2,3.9,1200.0,3551.0,55.0,188.0,105,67.0,63.0,4.0,5.0,14.2
67,3551,2016-10-05,27,1.511,10.5,4.2,1300.0,3592.0,56.0,189.0,113,58.0,73.0,4.0,4.0,13.4
68,3552,2016-10-05,26,1.512,9.0,4.3,1100.0,3767.0,57.0,190.0,112,54.0,81.0,3.0,5.0,13.2
69,3553,2016-10-05,26,1.534,8.7,4.3,1100.0,3083.0,59.0,189.0,112,39.0,80.0,3.0,5.0,13.5
70,3554,2016-11-05,26,1.54,8.0,4.3,1000.0,2605.0,58.0,192.0,112,45.0,66.0,3.0,5.0,13.7
71,3555,2016-11-05,15,0.755,8.0,4.1,900.0,2821.0,50.0,189.0,62,47.0,73.0,3.0,5.0,12.3
72,3556,2016-11-05,16,0.796,10.1,4.1,1100.0,3345.0,48.0,188.0,66,62.0,75.0,3.0,4.0,11.9
73,3557,2016-11-05,27,1.561,14.0,4.1,1800.0,3954.0,57.0,191.0,111,65.0,69.0,3.0,3.0,13.8
74,3558,2016-11-05,26,1.513,12.5,4.2,1600.0,3796.0,58.0,191.0,109,65.0,83.0,3.0,4.0,13.7
75,3559,2016-11-05,26,1.565,12.7,4.4,1600.0,4131.0,60.0,189.0,114,64.0,82.0,3.0,4.0,13.6
76,3560,2016-11-05,25,1.518,13.4,4.3,1700.0,3884.0,59.0,188.0,108,77.0,75.0,3.0,4.0,13.8
77,3561,2016-11-05,36,1.497,16.1,3.6,1700.0,4887.0,41.0,188.0,130,65.0,68.0,3.0,3.0,11.4
78,3562,2016-05-13,29,1.564,14.6,4.2,1700.0,5071.0,53.0,187.0,122,63.0,68.0,3.0,3.0,12.7
79,3563,2016-05-13,26,1.537,14.3,4.2,1800.0,4491.0,57.0,188.0,109,56.0,61.0,3.0,3.0,13.7
80,3564,2016-05-13,30,1.53,10.6,4.1,1200.0,3757.0,50.0,189.0,123,46.0,82.0,3.0,4.0,12.0
81,3565,2016-05-13,27,1.526,10.5,4.2,1300.0,3729.0,56.0,188.0,113,70.0,64.0,3.0,4.0,13.5
82,3566,2016-05-13,26,1.516,12.7,4.2,1600.0,3751.0,57.0,190.0,109,56.0,61.0,3.0,4.0,13.7
83,3567,2016-05-13,27,1.555,11.3,4.2,1400.0,3678.0,56.0,187.0,113,67.0,82.0,3.0,4.0,13.3
84,3568,2016-05-14,27,1.525,10.5,3.9,1400.0,3861.0,56.0,189.0,105,77.0,65.0,3.0,4.0,14.1
85,3569,2016-05-14,27,1.525,11.8,4.0,1500.0,3604.0,55.0,188.0,108,65.0,67.0,3.0,4.0,13.9
86,3570,2016-05-14,26,1.502,17.4,4.0,2300.0,5525.0,57.0,190.0,104,62.0,77.0,3.0,3.0,14.1
87,3571,2016-05-14,28,1.682,16.4,4.0,2200.0,5245.0,58.0,187.0,112,77.0,76.0,3.0,3.0,14.5
88,3572,2016-05-14,26,1.522,12.1,4.2,1500.0,3571.0,56.0,187.0,109,67.0,64.0,3.0,4.0,13.4
89,3573,2016-05-14,27,1.522,11.3,4.2,1400.0,3402.0,56.0,188.0,113,33.0,77.0,3.0,4.0,13.4
90,3574,2016-05-14,29,1.526,9.2,4.1,1100.0,3006.0,53.0,188.0,119,42.0,68.0,3.0,5.0,12.9
91,3575,2016-05-14,27,1.523,9.0,3.8,1200.0,3546.0,55.0,189.0,103,34.0,71.0,3.0,5.0,14.5
92,3576,2016-05-14,28,1.522,10.9,3.9,1400.0,3602.0,54.0,187.0,109,67.0,79.0,3.0,4.0,13.8
93,3577,2016-05-15,27,1.54,12.6,4.0,1600.0,3525.0,55.0,187.0,108,69.0,75.0,3.0,4.0,14.0
94,3578,2016-05-15,27,1.517,10.2,4.0,1300.0,3395.0,55.0,188.0,108,66.0,81.0,3.0,4.0,14.0
95,3579,2016-05-15,30,1.71,10.8,4.0,1400.0,3495.0,56.0,190.0,120,77.0,85.0,3.0,4.0,14.0
96,3580,2016-05-15,28,1.525,8.4,4.2,1000.0,3170.0,54.0,189.0,118,75.0,75.0,3.0,5.0,12.9
97,3581,2016-05-15,28,1.523,8.4,4.2,1000.0,3335.0,54.0,189.0,118,59.0,66.0,3.0,5.0,12.9
98,3582,2016-05-15,29,1.521,10.5,4.2,1200.0,3245.0,52.0,189.0,122,44.0,66.0,3.0,4.0,12.4
99,3583,2016-05-16,22,1.221,11.7,4.1,1400.0,3676.0,53.0,188.0,90,70.0,54.0,3.0,4.0,13.0
100,3584,2016-05-16,23,1.232,13.0,4.8,1300.0,4153.0,52.0,187.0,110,69.0,81.0,3.0,4.0,10.9
101,3585,2016-05-16,22,1.233,10.6,4.4,1200.0,3596.0,54.0,192.0,97,60.0,82.0,3.0,4.0,12.3
102,3586,2016-05-16,21,1.23,10.0,4.0,1300.0,3349.0,56.0,189.0,84,49.0,84.0,3.0,4.0,13.9
103,3587,2016-05-16,23,1.373,12.6,4.3,1600.0,4223.0,59.0,190.0,99,66.0,86.0,4.0,4.0,13.6
104,3588,2016-05-16,22,1.223,10.1,4.2,1200.0,4004.0,54.0,191.0,92,48.0,78.0,4.0,4.0,12.9
105,3589,2016-05-16,24,1.226,11.6,4.2,1300.0,4470.0,51.0,189.0,101,38.0,86.0,4.0,4.0,12.1
106,3590,2016-05-16,23,1.226,15.4,4.2,1800.0,4982.0,53.0,191.0,97,47.0,66.0,4.0,3.0,12.6
107,3591,2016-05-16,24,1.232,15.4,4.2,1700.0,5072.0,50.0,190.0,101,52.0,64.0,4.0,3.0,11.9
108,3592,2016-05-16,27,1.244,17.2,4.2,1700.0,7236.0,45.0,189.0,113,77.0,72.0,4.0,3.0,10.8
109,3593,2016-05-17,28,1.222,22.1,4.4,2000.0,8239.0,43.0,190.0,123,71.0,75.0,4.0,2.0,9.7
110,3594,2016-05-17,29,1.269,25.4,4.6,2200.0,7591.0,43.0,190.0,133,50.0,50.0,4.0,2.0,9.3
111,3595,2016-05-17,26,1.276,26.3,4.6,2600.0,7653.0,49.0,190.0,120,57.0,70.0,4.0,2.0,10.5
112,3596,2016-05-17,25,1.387,26.2,4.3,3100.0,7133.0,55.0,190.0,108,60.0,70.0,4.0,2.0,12.7
113,3597,2016-05-17,20,1.1,21.1,4.4,2400.0,6811.0,54.0,192.0,88,67.0,69.0,4.0,2.0,12.1
114,3598,2016-05-17,23,1.225,23.4,4.6,2400.0,7225.0,51.0,191.0,106,78.0,43.0,4.0,2.0,11.2
115,3599,2016-05-17,24,1.238,24.7,4.4,2700.0,6928.0,52.0,189.0,106,56.0,68.0,4.0,2.0,11.7
116,3600,2016-05-17,26,1.26,28.0,4.3,2900.0,8053.0,48.0,191.0,112,57.0,87.0,4.0,2.0,11.0
117,3601,2016-05-18,26,1.246,28.1,5.2,2300.0,7196.0,46.0,195.0,135,74.0,68.0,4.0,2.0,9.0
118,3602,2016-05-18,35,1.562,22.1,5.3,1700.0,7969.0,44.0,217.0,186,82.0,52.0,4.0,2.0,8.4
119,3603,2016-05-18,23,1.225,14.6,4.3,1600.0,6273.0,51.0,216.0,99,66.0,69.0,4.0,3.0,12.0
120,3604,2016-05-18,23,1.232,14.0,4.3,1600.0,4482.0,53.0,218.0,99,58.0,58.0,4.0,3.0,12.4
121,3605,2016-05-19,24,1.225,13.0,4.0,1500.0,4284.0,50.0,217.0,96,77.0,56.0,4.0,4.0,12.5
122,3606,2016-05-19,23,1.206,14.0,4.2,1600.0,4588.0,52.0,189.0,97,59.0,68.0,4.0,3.0,12.6
123,3607,2016-05-19,22,1.246,12.4,4.0,1600.0,4521.0,56.0,191.0,88,57.0,84.0,4.0,4.0,13.8
124,3608,2016-05-19,25,1.381,13.0,4.0,1600.0,3992.0,53.0,190.0,100,72.0,72.0,4.0,4.0,13.5
125,3609,2016-05-19,23,1.235,14.0,4.3,1600.0,4180.0,53.0,188.0,99,64.0,60.0,4.0,3.0,12.5
126,3610,2016-05-19,22,1.244,15.7,4.3,1900.0,4127.0,56.0,192.0,95,44.0,67.0,4.0,3.0,13.1
127,3611,2016-05-19,21,1.245,13.6,4.3,1700.0,4701.0,58.0,190.0,90,83.0,87.0,4.0,3.0,13.6
128,3612,2016-05-19,21,1.241,13.6,4.3,1700.0,6286.0,58.0,190.0,90,71.0,65.0,4.0,3.0,13.3
129,3613,2016-05-19,21,1.228,14.4,4.4,1700.0,5444.0,56.0,189.0,92,71.0,77.0,4.0,3.0,12.9
130,3614,2016-05-19,21,1.214,14.2,4.4,1700.0,6155.0,57.0,189.0,92,82.0,48.0,4.0,3.0,13.0
131,3615,2016-05-20,21,1.251,15.0,4.4,1800.0,6495.0,57.0,191.0,92,85.0,61.0,4.0,3.0,13.0
132,3616,2016-05-20,22,1.233,15.7,4.6,1700.0,5758.0,54.0,189.0,101,84.0,61.0,4.0,3.0,11.7
133,3617,2016-05-20,33,1.734,15.2,4.3,1700.0,6923.0,52.0,190.0,142,70.0,65.0,4.0,2.0,12.0
134,3618,2016-05-20,26,1.194,17.4,4.1,1800.0,8183.0,46.0,189.0,107,84.0,83.0,4.0,2.0,11.2
135,3619,2016-05-20,29,1.224,19.9,4.3,1800.0,8159.0,42.0,217.0,125,55.0,69.0,4.0,2.0,9.8
136,3620,2016-05-20,27,1.228,17.5,4.3,1700.0,5414.0,45.0,217.0,116,65.0,65.0,4.0,2.0,10.4
137,3621,2016-05-21,25,1.24,16.3,4.1,1800.0,4623.0,49.0,218.0,103,63.0,66.0,4.0,3.0,12.0
138,3622,2016-05-21,23,1.248,17.9,4.3,2000.0,5600.0,52.0,190.0,99,70.0,77.0,4.0,2.0,12.3
139,3623,2016-05-21,32,1.503,17.9,4.5,1700.0,4722.0,46.0,191.0,144,78.0,70.0,4.0,2.0,10.2
140,3624,2016-05-21,24,1.223,12.7,4.1,1400.0,4009.0,49.0,190.0,98,62.0,65.0,4.0,4.0,12.2
141,3625,2016-05-21,24,1.224,13.0,4.3,1400.0,3832.0,50.0,192.0,103,44.0,65.0,4.0,4.0,11.7
142,3626,2016-05-21,23,1.226,9.8,4.3,1100.0,3870.0,52.0,190.0,99,37.0,75.0,4.0,4.0,12.0
143,3627,2016-05-21,23,1.226,10.3,4.2,1200.0,3894.0,53.0,189.0,97,53.0,72.0,4.0,4.0,12.6
144,3628,2016-05-21,22,1.248,10.6,4.5,1200.0,3842.0,55.0,189.0,99,59.0,82.0,4.0,4.0,12.0
145,3629,2016-05-22,22,1.207,13.1,4.3,1500.0,4219.0,53.0,189.0,95,80.0,81.0,4.0,4.0,12.5
146,3630,2016-05-22,29,1.298,13.7,4.3,1300.0,4132.0,44.0,188.0,125,79.0,60.0,4.0,3.0,10.2
147,3631,2016-05-22,24,1.292,13.6,4.1,1600.0,4527.0,52.0,188.0,98,69.0,65.0,4.0,3.0,12.7
148,3632,2016-05-22,26,1.44,12.8,4.0,1600.0,4340.0,54.0,188.0,104,75.0,80.0,4.0,4.0,13.4
149,3633,2016-05-22,24,1.224,13.3,4.2,1500.0,4675.0,51.0,197.0,101,82.0,80.0,4.0,4.0,12.2
150,3634,2016-05-22,24,1.189,12.5,3.7,1500.0,4270.0,48.0,199.0,89,69.0,64.0,4.0,4.0,12.8
151,3635,2016-05-22,26,1.226,12.2,3.7,1400.0,4342.0,46.0,198.0,96,63.0,85.0,4.0,4.0,12.4
152,3636,2016-05-22,22,1.174,10.7,4.2,1200.0,4406.0,51.0,190.0,92,52.0,82.0,4.0,4.0,12.3
153,3637,2016-05-22,24,1.268,11.4,4.0,1400.0,4672.0,53.0,189.0,96,74.0,67.0,4.0,4.0,13.2
154,3638,2016-05-23,24,1.279,12.5,4.0,1500.0,4838.0,52.0,189.0,96,83.0,60.0,4.0,4.0,13.1
155,3639,2016-05-23,27,1.399,14.4,4.0,1700.0,4306.0,51.0,187.0,108,77.0,55.0,4.0,3.0,12.7
156,3640,2016-05-23,22,1.228,8.9,4.2,1100.0,3859.0,56.0,187.0,92,64.0,56.0,4.0,5.0,13.2
157,3641,2016-05-23,22,1.231,10.5,4.2,1300.0,3887.0,56.0,188.0,92,59.0,56.0,4.0,4.0,13.2
158,3642,2016-05-23,22,1.224,14.3,4.2,1700.0,4069.0,54.0,189.0,92,53.0,60.0,4.0,3.0,12.8
159,3643,2016-05-23,21,1.23,15.1,4.2,1900.0,4233.0,57.0,190.0,88,69.0,61.0,4.0,3.0,13.5
160,3644,2016-05-24,22,1.261,12.4,4.2,1500.0,3493.0,55.0,191.0,92,74.0,63.0,4.0,4.0,13.0
161,3645,2016-05-24,23,1.285,14.9,4.4,1700.0,3818.0,54.0,191.0,101,72.0,81.0,4.0,3.0,12.3
162,3646,2016-05-24,25,1.348,14.3,4.4,1600.0,3907.0,53.0,191.0,110,66.0,77.0,4.0,3.0,12.1
163,3647,2016-05-24,27,1.415,14.3,4.3,1600.0,4252.0,52.0,189.0,116,55.0,81.0,4.0,3.0,12.0
164,3648,2016-05-24,26,1.223,13.8,4.2,1400.0,4569.0,46.0,193.0,109,62.0,77.0,4.0,3.0,11.0
165,3649,2016-05-24,25,1.239,18.0,4.3,1900.0,4938.0,49.0,188.0,108,72.0,70.0,4.0,2.0,11.3
166,3650,2016-05-24,29,1.229,17.9,4.1,1700.0,4823.0,42.0,189.0,119,64.0,62.0,4.0,2.0,10.2
167,3651,2016-05-24,28,1.262,15.7,4.1,1600.0,4806.0,45.0,190.0,115,56.0,80.0,4.0,3.0,11.0
168,3652,2016-05-25,28,1.286,14.8,4.1,1500.0,4653.0,45.0,190.0,115,78.0,79.0,4.0,3.0,11.1
169,3653,2016-05-25,25,1.284,13.0,4.1,1500.0,4434.0,51.0,191.0,103,66.0,77.0,4.0,4.0,12.3
170,3654,2016-05-25,29,1.523,11.9,4.4,1300.0,4196.0,52.0,188.0,128,66.0,73.0,4.0,4.0,12.0
171,3655,2016-05-25,18,1.114,12.4,4.6,1500.0,4522.0,60.0,190.0,83,64.0,73.0,4.0,4.0,13.1
172,3656,2016-05-25,27,1.387,10.6,4.1,1200.0,3943.0,50.0,190.0,111,57.0,67.0,4.0,4.0,12.3
173,3657,2016-05-25,24,1.239,9.6,4.1,1100.0,3594.0,51.0,187.0,98,52.0,62.0,4.0,4.0,12.6
174,3658,2016-05-25,23,1.225,10.4,4.1,1200.0,3885.0,51.0,190.0,94,61.0,61.0,4.0,4.0,12.5
175,3659,2016-05-25,25,1.235,10.3,3.9,1200.0,3488.0,49.0,190.0,98,74.0,58.0,4.0,4.0,12.5
176,3660,2016-05-25,27,1.486,12.0,4.0,1500.0,3511.0,54.0,189.0,108,79.0,49.0,4.0,4.0,13.5
177,3661,2016-05-26,25,1.525,11.3,4.4,1400.0,4456.0,59.0,188.0,110,86.0,61.0,3.0,4.0,13.3
178,3662,2016-05-26,28,1.545,11.5,4.4,1300.0,4582.0,54.0,190.0,123,65.0,69.0,3.0,4.0,12.1
179,3663,2016-05-26,28,1.555,10.5,4.1,1300.0,5152.0,55.0,187.0,115,77.0,84.0,3.0,4.0,13.6
180,3664,2016-05-26,29,1.508,9.8,4.2,1100.0,4650.0,51.0,189.0,122,55.0,84.0,3.0,4.0,12.1
181,3665,2016-05-26,21,1.13,9.3,3.8,1200.0,3461.0,53.0,191.0,80,59.0,74.0,3.0,5.0,13.9
182,3666,2016-05-26,8,0.465,7.9,3.8,1000.0,3188.0,52.0,190.0,30,63.0,73.0,3.0,5.0,13.7
183,3667,2016-05-26,27,1.533,9.2,3.9,1200.0,3566.0,55.0,195.0,105,63.0,66.0,3.0,5.0,14.1
184,3668,2016-05-26,30,1.54,9.3,4.0,1100.0,3372.0,51.0,190.0,120,66.0,71.0,3.0,5.0,12.7
185,3669,2016-05-27,22,1.108,9.0,4.1,1000.0,3345.0,49.0,190.0,90,52.0,80.0,3.0,5.0,12.0
186,3670,2016-05-27,29,1.538,10.5,4.2,1200.0,4226.0,52.0,191.0,122,60.0,87.0,3.0,4.0,12.5
187,3671,2016-05-27,0,0.005,10.2,4.2,1100.0,1491.0,49.0,187.0,0,63.0,84.0,3.0,4.0,2.2
188,3672,2016-05-27,29,1.657,9.4,4.4,1100.0,4357.0,56.0,189.0,128,73.0,68.0,3.0,5.0,12.9
189,3673,2016-05-27,25,1.23,7.8,3.9,900.0,4021.0,49.0,185.0,98,71.0,55.0,3.0,5.0,12.4
190,3674,2016-05-27,23,1.211,8.9,4.2,1000.0,3284.0,51.0,188.0,97,70.0,51.0,3.0,5.0,12.3
191,3675,2016-05-27,26,1.233,11.6,4.2,1200.0,3059.0,47.0,187.0,109,74.0,41.0,3.0,4.0,11.3
192,3676,2016-05-27,24,1.273,10.3,4.2,1200.0,4003.0,53.0,188.0,101,69.0,59.0,3.0,4.0,12.5
193,3677,2016-05-28,26,1.286,15.4,4.1,1700.0,4580.0,49.0,188.0,107,70.0,79.0,3.0,3.0,11.9
194,3678,2016-05-28,23,1.275,10.1,4.2,1200.0,3897.0,54.0,189.0,97,63.0,83.0,4.0,4.0,12.9
195,3679,2016-05-28,25,1.312,11.6,4.3,1300.0,3825.0,52.0,190.0,108,65.0,79.0,4.0,4.0,12.1
196,3680,2016-05-28,22,1.292,10.6,4.3,1300.0,3683.0,57.0,187.0,95,58.0,85.0,4.0,4.0,13.1
197,3681,2016-05-28,29,1.574,13.2,4.4,1500.0,3505.0,54.0,192.0,128,54.0,84.0,4.0,4.0,12.2
198,3682,2016-05-28,22,1.233,9.3,4.2,1100.0,4527.0,54.0,188.0,92,71.0,43.0,4.0,5.0,13.1
199,3683,2016-05-28,22,1.23,12.6,4.0,1600.0,4205.0,55.0,188.0,88,70.0,53.0,4.0,4.0,13.9
200,3684,2016-05-28,22,1.235,10.7,4.2,1300.0,3428.0,55.0,187.0,92,60.0,60.0,4.0,4.0,13.1
201,3685,2016-05-28,23,1.235,13.0,3.9,1600.0,3622.0,52.0,189.0,90,65.0,62.0,3.0,4.0,13.2
202,3686,2016-05-29,26,1.271,14.9,3.9,1700.0,3955.0,48.0,190.0,101,72.0,57.0,3.0,3.0,12.4
203,3687,2016-05-29,24,1.29,12.7,3.9,1600.0,3916.0,53.0,190.0,94,78.0,55.0,3.0,4.0,13.6
204,3688,2016-05-29,26,1.265,13.2,3.9,1500.0,4377.0,48.0,187.0,101,66.0,73.0,3.0,4.0,12.3
205,3689,2016-05-29,29,1.428,12.3,3.9,1400.0,3971.0,48.0,190.0,113,58.0,80.0,4.0,4.0,12.3
206,3690,2016-05-29,28,1.392,9.1,4.2,1000.0,4210.0,50.0,188.0,118,54.0,74.0,4.0,5.0,11.7
207,3691,2016-05-29,26,1.137,14.7,3.9,1500.0,4756.0,43.0,190.0,101,68.0,64.0,4.0,3.0,10.9
208,3692,2016-05-29,28,1.261,12.2,3.9,1300.0,4563.0,45.0,189.0,109,72.0,79.0,4.0,4.0,11.4
209,3693,2016-05-30,27,1.269,14.3,3.9,1600.0,5171.0,47.0,190.0,105,81.0,72.0,4.0,3.0,11.9
210,3694,2016-05-30,32,1.377,14.7,3.9,1500.0,6626.0,43.0,188.0,125,83.0,73.0,4.0,3.0,11.1
211,3695,2016-05-31,45,1.23,9.9,3.1,800.0,4254.0,27.0,190.0,140,74.0,71.0,4.0,4.0,8.6
212,3696,2016-05-31,24,1.183,12.9,4.1,1400.0,3685.0,48.0,191.0,98,53.0,60.0,4.0,4.0,11.7
1,3697,2016-01-06,38,1.439,11.2,3.2,1200.0,3215.0,37.0,190.0,122,74.0,80.0,4.0,4.0,11.6
2,3698,2016-01-06,30,1.224,11.0,3.7,1100.0,2316.0,40.0,187.0,111,60.0,52.0,4.0,4.0,10.7
3,3699,2016-01-06,32,1.219,11.9,3.5,1200.0,2418.0,38.0,189.0,112,45.0,39.0,4.0,4.0,10.8
4,3700,2016-01-06,30,1.221,10.7,3.6,1100.0,2827.0,40.0,190.0,108,61.0,45.0,4.0,4.0,11.1
5,3701,2016-01-06,26,1.205,11.6,3.8,1300.0,3024.0,46.0,189.0,99,63.0,52.0,4.0,4.0,12.0
6,3702,2016-02-06,25,1.296,10.9,3.9,1300.0,2885.0,50.0,192.0,98,44.0,40.0,4.0,4.0,13.1
7,3703,2016-02-06,26,1.294,12.0,3.8,1400.0,3096.0,48.0,188.0,99,58.0,60.0,4.0,4.0,12.5
8,3704,2016-02-06,27,1.3,10.3,3.8,1200.0,3240.0,48.0,188.0,103,40.0,53.0,4.0,4.0,12.6
9,3705,2016-02-06,30,1.714,10.5,4.2,1300.0,3068.0,56.0,188.0,126,30.0,44.0,4.0,4.0,13.2
10,3706,2016-02-06,31,1.512,9.2,3.8,1100.0,3030.0,49.0,188.0,118,39.0,56.0,4.0,5.0,13.0
11,3707,2016-02-06,28,1.526,10.4,4.0,1300.0,2874.0,54.0,189.0,112,56.0,61.0,4.0,4.0,13.5
12,3708,2016-02-06,25,1.501,9.4,4.2,1200.0,2628.0,58.0,189.0,105,57.0,49.0,4.0,5.0,13.7
13,3709,2016-02-06,21,1.243,9.4,4.2,1200.0,1978.0,58.0,191.0,88,42.0,37.0,4.0,5.0,13.7
14,3710,2016-03-06,24,1.269,9.7,3.9,1200.0,1502.0,52.0,187.0,94,33.0,31.0,4.0,4.0,13.6
15,3711,2016-03-06,29,1.512,11.2,3.8,1400.0,1937.0,51.0,189.0,110,30.0,31.0,4.0,4.0,13.2
16,3712,2016-03-06,30,1.537,14.4,4.0,1700.0,2257.0,51.0,188.0,120,33.0,34.0,4.0,3.0,12.7
17,3713,2016-03-06,32,1.659,13.3,4.2,1500.0,2434.0,51.0,188.0,134,40.0,40.0,4.0,4.0,12.2
18,3714,2016-03-06,29,1.533,13.0,4.0,1600.0,3750.0,53.0,186.0,116,56.0,54.0,4.0,4.0,13.1
19,3715,2016-03-06,29,1.237,14.6,3.8,1500.0,3588.0,42.0,189.0,110,53.0,54.0,4.0,3.0,10.9
20,3716,2016-04-06,25,1.255,12.5,3.7,1500.0,3799.0,48.0,190.0,93,75.0,77.0,4.0,4.0,13.1
21,3717,2016-04-06,28,1.256,13.6,3.7,1500.0,3722.0,44.0,185.0,104,69.0,60.0,4.0,3.0,11.9
22,3718,2016-04-06,22,1.032,15.6,3.7,1800.0,3562.0,46.0,187.0,81,55.0,54.0,4.0,3.0,12.4
23,3719,2016-04-06,60,1.132,29.5,4.0,1300.0,3263.0,19.0,189.0,240,45.0,45.0,4.0,2.0,4.7
24,3720,2016-04-06,30,1.222,12.0,3.7,1200.0,3139.0,40.0,188.0,111,34.0,32.0,4.0,4.0,10.8
25,3721,2016-04-06,28,1.23,11.4,3.7,1200.0,3048.0,42.0,190.0,104,33.0,32.0,4.0,4.0,11.6
26,3722,2016-04-06,28,1.227,9.3,3.7,1000.0,2850.0,43.0,188.0,104,32.0,34.0,4.0,5.0,11.6
27,3723,2016-04-06,26,1.237,9.6,3.8,1100.0,2935.0,47.0,187.0,99,31.0,33.0,4.0,4.0,12.4
28,3724,2016-04-06,26,1.221,8.7,3.8,1000.0,2791.0,47.0,187.0,99,32.0,31.0,4.0,5.0,12.4
29,3725,2016-05-06,28,1.523,11.1,3.9,1400.0,2755.0,53.0,186.0,109,31.0,31.0,4.0,4.0,13.7
30,3726,2016-05-06,28,1.531,11.2,4.0,1400.0,2663.0,54.0,189.0,112,30.0,30.0,4.0,4.0,13.6
31,3727,2016-05-06,31,1.408,13.1,3.9,1400.0,2917.0,45.0,188.0,121,30.0,30.0,4.0,4.0,11.6
32,3728,2016-05-06,15,0.301,19.9,3.9,900.0,2137.0,19.0,190.0,59,30.0,30.0,4.0,2.0,5.0
33,3729,2016-05-06,35,1.523,11.4,3.4,1300.0,2968.0,42.0,187.0,119,30.0,30.0,4.0,4.0,12.5
34,3730,2016-05-06,33,1.421,11.9,3.3,1400.0,3749.0,42.0,189.0,109,44.0,35.0,4.0,4.0,12.5
35,3731,2016-05-06,39,1.52,12.0,3.1,1400.0,3897.0,39.0,190.0,121,65.0,48.0,4.0,4.0,12.4
36,3732,2016-05-06,35,1.529,15.0,3.6,1700.0,3787.0,44.0,190.0,126,44.0,33.0,4.0,3.0,12.3
37,3733,2016-05-06,33,1.534,14.4,3.6,1700.0,3969.0,46.0,188.0,119,50.0,41.0,4.0,3.0,12.7
38,3734,2016-05-06,32,1.252,23.1,3.8,2200.0,6260.0,39.0,188.0,122,46.0,48.0,4.0,2.0,10.1
39,3735,2016-06-06,36,1.31,36.0,4.0,3000.0,8949.0,36.0,190.0,144,37.0,43.0,4.0,2.0,8.9
40,3736,2016-06-06,46,1.461,40.4,4.0,2900.0,9744.0,31.0,212.0,184,36.0,39.0,4.0,2.0,7.8
41,3737,2016-06-06,46,1.223,45.3,5.2,2100.0,7998.0,26.0,214.0,239,38.0,38.0,4.0,2.0,5.1
42,3738,2016-06-06,36,1.22,37.0,5.4,2100.0,6903.0,33.0,218.0,194,43.0,41.0,4.0,2.0,6.2
43,3739,2016-06-06,31,1.247,22.0,4.3,1900.0,4361.0,40.0,216.0,133,47.0,44.0,4.0,2.0,9.5
44,3740,2016-07-06,25,0.928,17.5,4.3,1400.0,3791.0,37.0,188.0,108,49.0,45.0,4.0,2.0,8.7
45,3741,2016-07-06,34,1.068,18.5,3.8,1400.0,3795.0,31.0,188.0,129,45.0,39.0,4.0,2.0,8.2
46,3742,2016-07-06,29,1.104,15.8,3.7,1500.0,4390.0,38.0,188.0,107,43.0,34.0,4.0,3.0,10.1
47,3743,2016-07-06,29,1.239,14.3,3.7,1500.0,4056.0,42.0,187.0,107,75.0,39.0,4.0,3.0,11.3
48,3744,2016-07-06,26,1.132,16.6,3.9,1700.0,3887.0,43.0,188.0,101,75.0,44.0,4.0,3.0,11.2
49,3745,2016-07-06,28,1.247,12.4,3.6,1400.0,3723.0,44.0,188.0,101,70.0,58.0,4.0,4.0,12.1
50,3746,2016-08-06,37,1.759,12.5,3.9,1400.0,3730.0,47.0,187.0,144,50.0,46.0,4.0,4.0,11.9
51,3747,2016-08-06,19,0.822,12.1,3.7,1300.0,3629.0,43.0,188.0,70,39.0,37.0,4.0,4.0,11.8
52,3748,2016-08-06,28,1.23,14.6,3.5,1700.0,3553.0,44.0,189.0,98,45.0,49.0,4.0,3.0,12.6
53,3749,2016-08-06,28,1.205,13.2,3.5,1500.0,3253.0,43.0,189.0,98,29.0,35.0,4.0,4.0,12.4
54,3750,2016-08-06,38,1.735,9.2,3.5,1100.0,3006.0,45.0,190.0,133,30.0,33.0,4.0,5.0,13.0
55,3751,2016-08-06,15,0.742,9.4,3.7,1100.0,3065.0,47.0,189.0,56,33.0,36.0,4.0,5.0,12.9
56,3752,2016-09-06,33,1.531,11.5,3.5,1400.0,2871.0,46.0,190.0,116,31.0,32.0,4.0,4.0,13.0
57,3753,2016-09-06,30,1.514,10.3,3.9,1200.0,2846.0,49.0,187.0,117,32.0,31.0,4.0,4.0,12.5
58,3754,2016-09-06,27,1.538,8.3,4.2,1000.0,3059.0,55.0,190.0,113,35.0,50.0,3.0,5.0,13.3
59,3755,2016-09-06,34,1.481,10.5,3.8,1100.0,2736.0,43.0,192.0,129,37.0,38.0,3.0,4.0,11.3
60,3756,2016-10-06,32,1.509,11.4,3.3,1500.0,2849.0,47.0,189.0,106,42.0,42.0,3.0,4.0,13.9
61,3757,2016-10-06,31,1.522,10.3,3.8,1200.0,3086.0,48.0,189.0,118,56.0,54.0,3.0,4.0,12.6
62,3758,2016-10-06,27,1.408,11.8,3.8,1500.0,3396.0,52.0,190.0,103,45.0,46.0,3.0,4.0,13.6
63,3759,2016-10-06,26,1.168,10.9,3.7,1200.0,3694.0,44.0,189.0,96,54.0,64.0,3.0,4.0,11.6
64,3760,2016-10-06,26,1.264,13.2,4.2,1400.0,4496.0,48.0,189.0,109,56.0,68.0,3.0,4.0,11.5
65,3761,2016-10-06,27,1.312,12.2,4.5,1200.0,4335.0,48.0,189.0,122,54.0,63.0,3.0,4.0,10.6
66,3762,2016-10-06,26,1.22,9.1,4.4,900.0,4470.0,47.0,187.0,114,81.0,72.0,3.0,5.0,10.5
67,3763,2016-11-06,26,1.225,15.1,4.3,1500.0,4712.0,46.0,187.0,112,69.0,44.0,4.0,3.0,10.5
68,3764,2016-11-06,35,1.415,13.0,4.1,1200.0,3985.0,41.0,189.0,144,58.0,56.0,4.0,4.0,9.9
69,3765,2016-11-06,28,1.21,11.1,4.0,1100.0,3891.0,43.0,189.0,112,65.0,72.0,4.0,4.0,10.5
70,3766,2016-11-06,26,1.235,13.2,4.2,1400.0,3771.0,48.0,188.0,109,72.0,70.0,4.0,4.0,11.2
71,3767,2016-11-06,27,1.243,10.1,3.9,1100.0,3505.0,46.0,189.0,105,60.0,59.0,4.0,4.0,11.7
72,3768,2016-11-06,26,1.247,9.2,4.1,1000.0,3459.0,48.0,188.0,107,50.0,58.0,4.0,5.0,11.6
73,3769,2016-11-06,26,1.225,10.7,3.8,1200.0,3475.0,46.0,188.0,99,53.0,55.0,4.0,4.0,11.9
74,3770,2016-12-06,27,1.225,9.6,4.0,1000.0,3577.0,45.0,188.0,108,61.0,68.0,4.0,4.0,11.4
75,3771,2016-12-06,26,1.236,12.2,4.0,1300.0,4125.0,46.0,190.0,104,72.0,52.0,4.0,4.0,11.6
76,3772,2016-12-06,31,1.486,9.9,4.0,1100.0,3937.0,48.0,190.0,124,56.0,46.0,4.0,4.0,12.0
77,3773,2016-12-06,28,1.274,9.8,4.1,1000.0,3299.0,45.0,189.0,115,63.0,68.0,4.0,4.0,11.0
78,3774,2016-12-06,27,1.285,14.1,4.1,1500.0,3781.0,47.0,190.0,111,53.0,72.0,4.0,3.0,11.5
79,3775,2016-12-06,25,1.276,12.7,4.2,1400.0,4311.0,50.0,188.0,105,66.0,75.0,4.0,4.0,12.0
80,3776,2016-12-06,36,1.756,13.2,5.0,1200.0,5360.0,49.0,189.0,180,77.0,73.0,4.0,4.0,9.8
81,3777,2016-06-13,14,0.745,9.6,4.6,1000.0,3703.0,52.0,188.0,64,55.0,58.0,4.0,4.0,11.3
82,3778,2016-06-13,31,1.526,12.3,4.3,1300.0,3644.0,49.0,189.0,133,50.0,53.0,4.0,4.0,11.4
83,3779,2016-06-13,26,1.25,9.2,4.0,1000.0,3492.0,47.0,187.0,104,67.0,62.0,4.0,5.0,11.7
84,3780,2016-06-13,24,1.263,10.1,3.8,1300.0,3603.0,53.0,188.0,91,78.0,81.0,4.0,4.0,13.7
85,3781,2016-06-13,25,1.325,9.4,4.2,1100.0,3195.0,53.0,187.0,105,60.0,68.0,4.0,5.0,12.6
86,3782,2016-06-13,21,1.235,9.7,4.4,1200.0,3028.0,59.0,187.0,92,65.0,75.0,4.0,4.0,13.2
87,3783,2016-06-14,29,1.531,6.8,4.1,800.0,2806.0,52.0,186.0,119,54.0,66.0,4.0,5.0,12.8
88,3784,2016-06-14,34,1.733,10.2,4.0,1200.0,2356.0,51.0,189.0,136,49.0,46.0,4.0,4.0,12.8
89,3785,2016-06-14,38,1.535,10.7,3.3,1200.0,3164.0,40.0,187.0,125,62.0,82.0,4.0,4.0,12.0
90,3786,2016-06-14,3,0.115,12.5,3.4,1300.0,2740.0,38.0,188.0,10,61.0,83.0,4.0,4.0,11.3
91,3787,2016-06-14,21,0.838,10.0,3.0,1200.0,2837.0,39.0,188.0,63,47.0,59.0,4.0,4.0,13.1
92,3788,2016-06-15,28,1.52,5.1,3.6,700.0,2434.0,53.0,189.0,101,48.0,49.0,3.0,5.0,14.7
93,3789,2016-06-15,29,1.521,8.7,3.8,1100.0,2328.0,52.0,189.0,110,47.0,45.0,3.0,5.0,13.8
94,3790,2016-06-15,31,1.655,8.1,3.6,1100.0,2454.0,53.0,191.0,112,50.0,62.0,3.0,5.0,14.6
95,3791,2016-06-15,42,1.522,11.2,3.1,1200.0,2993.0,36.0,189.0,130,79.0,89.0,3.0,4.0,11.7
96,3792,2016-06-15,35,1.495,11.1,3.4,1300.0,3222.0,43.0,189.0,119,73.0,74.0,3.0,4.0,12.5
97,3793,2016-06-15,35,1.52,11.4,3.5,1300.0,3751.0,43.0,186.0,123,63.0,68.0,3.0,4.0,12.5
98,3794,2016-06-15,31,1.539,9.2,3.8,1100.0,3131.0,49.0,189.0,118,39.0,48.0,3.0,5.0,12.8
99,3795,2016-06-15,39,1.574,11.9,3.4,1300.0,3350.0,40.0,188.0,133,71.0,73.0,4.0,4.0,11.7
100,3796,2016-06-16,37,1.524,10.2,3.5,1100.0,4170.0,41.0,187.0,130,78.0,68.0,4.0,4.0,11.6
101,3797,2016-06-16,32,1.53,10.1,4.4,1000.0,4029.0,47.0,188.0,141,60.0,60.0,4.0,4.0,10.9
102,3798,2016-06-16,32,1.532,12.1,3.5,1500.0,3539.0,47.0,188.0,112,63.0,54.0,4.0,4.0,13.5
103,3799,2016-06-16,31,1.431,11.2,3.6,1300.0,3218.0,45.0,189.0,112,51.0,49.0,4.0,4.0,12.7
104,3800,2016-06-16,30,1.269,9.9,3.5,1100.0,3291.0,42.0,188.0,105,54.0,73.0,4.0,4.0,12.0
105,3801,2016-06-16,29,1.236,11.1,3.6,1200.0,3583.0,42.0,188.0,104,47.0,61.0,4.0,4.0,11.9
106,3802,2016-06-17,31,1.225,11.6,3.5,1200.0,3065.0,39.0,188.0,109,39.0,45.0,4.0,4.0,11.1
107,3803,2016-06-17,28,1.233,8.6,3.5,1000.0,3167.0,44.0,188.0,98,33.0,38.0,4.0,5.0,12.5
108,3804,2016-06-17,27,1.226,8.4,3.5,1000.0,3098.0,45.0,188.0,95,30.0,46.0,4.0,5.0,12.8
109,3805,2016-06-17,29,1.231,8.1,3.5,900.0,2954.0,42.0,188.0,102,27.0,54.0,4.0,5.0,12.0
110,3806,2016-06-17,27,1.524,8.1,3.8,1100.0,2820.0,56.0,188.0,103,31.0,40.0,4.0,5.0,14.8
111,3807,2016-06-17,26,1.424,9.1,3.8,1200.0,3317.0,54.0,188.0,99,33.0,53.0,4.0,5.0,14.1
112,3808,2016-06-17,30,1.228,8.2,3.8,800.0,4463.0,40.0,188.0,114,72.0,83.0,4.0,5.0,10.7
113,3809,2016-06-17,32,1.552,9.2,4.0,1000.0,3631.0,47.0,188.0,128,62.0,72.0,4.0,5.0,11.7
114,3810,2016-06-17,38,1.277,11.1,3.4,1000.0,3176.0,33.0,188.0,129,61.0,66.0,4.0,4.0,9.6
115,3811,2016-06-18,27,1.226,8.2,3.4,1000.0,3290.0,45.0,188.0,92,44.0,57.0,4.0,5.0,13.2
116,3812,2016-06-18,28,1.236,8.6,3.5,1000.0,2685.0,44.0,190.0,98,38.0,47.0,4.0,5.0,12.7
117,3813,2016-06-18,24,1.092,7.6,3.5,900.0,2909.0,45.0,188.0,84,40.0,47.0,4.0,5.0,12.6
118,3814,2016-06-18,31,1.541,10.9,3.8,1300.0,3447.0,49.0,188.0,118,40.0,48.0,4.0,4.0,12.9
119,3815,2016-06-18,27,1.38,10.1,3.6,1300.0,3109.0,50.0,190.0,97,38.0,33.0,4.0,4.0,13.7
120,3816,2016-06-18,29,1.205,8.4,3.2,1000.0,2885.0,41.0,190.0,93,71.0,73.0,4.0,5.0,12.6
121,3817,2016-06-18,30,1.217,9.7,3.0,1200.0,2628.0,40.0,188.0,90,49.0,43.0,4.0,4.0,13.4
122,3818,2016-06-18,25,1.021,9.7,3.0,1200.0,2589.0,40.0,189.0,75,35.0,32.0,4.0,4.0,13.2
123,3819,2016-06-18,41,1.517,12.6,3.0,1400.0,2784.0,36.0,188.0,123,34.0,31.0,4.0,4.0,12.2
124,3820,2016-06-18,58,1.527,8.6,2.3,900.0,3076.0,26.0,189.0,133,70.0,56.0,4.0,5.0,11.2
125,3821,2016-06-19,34,1.235,9.6,3.2,1000.0,2431.0,36.0,187.0,109,58.0,49.0,4.0,4.0,11.4
126,3822,2016-06-19,27,1.161,11.5,3.0,1500.0,2181.0,42.0,187.0,81,60.0,55.0,4.0,4.0,13.9
127,3823,2016-06-19,37,1.537,11.8,3.0,1500.0,2527.0,41.0,189.0,111,57.0,49.0,4.0,4.0,13.7
128,3824,2016-06-19,32,1.264,14.6,3.1,1700.0,2921.0,39.0,188.0,99,55.0,56.0,4.0,3.0,12.5
129,3825,2016-06-19,29,1.27,11.7,3.4,1400.0,3337.0,44.0,190.0,99,55.0,53.0,4.0,4.0,12.8
130,3826,2016-06-20,28,1.23,12.8,3.4,1500.0,3414.0,43.0,188.0,95,38.0,36.0,4.0,4.0,12.6
131,3827,2016-06-20,29,1.228,13.4,3.4,1500.0,3191.0,41.0,188.0,99,34.0,37.0,4.0,4.0,12.0
132,3828,2016-06-20,29,1.235,12.2,3.4,1400.0,3381.0,42.0,188.0,99,45.0,58.0,4.0,4.0,12.2
133,3829,2016-06-20,31,1.217,12.6,3.4,1300.0,3292.0,38.0,190.0,105,41.0,43.0,4.0,4.0,11.2
134,3830,2016-06-20,32,1.374,13.2,3.5,1500.0,3484.0,43.0,188.0,112,42.0,43.0,4.0,4.0,12.3
135,3831,2016-06-20,30,1.24,9.0,3.4,1000.0,3228.0,41.0,188.0,102,48.0,48.0,4.0,5.0,12.0
136,3832,2016-06-20,32,1.246,13.2,3.4,1400.0,3504.0,39.0,188.0,109,43.0,49.0,4.0,4.0,11.2
137,3833,2016-06-20,29,1.247,13.0,3.6,1400.0,3809.0,42.0,187.0,104,53.0,44.0,4.0,4.0,11.5
138,3834,2016-06-20,27,1.24,15.7,4.0,1600.0,3953.0,44.0,188.0,108,69.0,42.0,4.0,3.0,11.2
139,3835,2016-06-20,29,1.226,14.3,3.7,1500.0,4289.0,42.0,188.0,107,63.0,43.0,4.0,3.0,11.3
140,3836,2016-06-21,28,1.242,16.5,4.1,1600.0,4304.0,43.0,189.0,115,57.0,43.0,4.0,3.0,10.5
141,3837,2016-06-21,34,1.531,15.3,4.0,1600.0,4001.0,45.0,191.0,136,50.0,52.0,4.0,3.0,11.3
142,3838,2016-06-21,33,1.428,13.1,4.0,1300.0,3546.0,43.0,189.0,132,51.0,54.0,4.0,4.0,10.8
143,3839,2016-06-21,27,1.261,11.8,3.6,1400.0,3814.0,46.0,187.0,97,69.0,76.0,4.0,4.0,12.8
144,3840,2016-06-21,34,1.365,13.2,3.5,1400.0,3743.0,40.0,188.0,119,72.0,80.0,4.0,4.0,11.4
145,3841,2016-06-21,36,1.477,10.1,3.5,1100.0,3376.0,41.0,189.0,126,55.0,60.0,4.0,4.0,11.7
146,3842,2016-06-21,29,1.307,11.2,3.5,1300.0,3671.0,44.0,189.0,102,43.0,58.0,4.0,4.0,12.7
147,3843,2016-06-22,28,1.229,12.3,3.5,1400.0,3746.0,43.0,189.0,98,45.0,71.0,4.0,4.0,12.3
148,3844,2016-06-22,27,1.218,9.5,3.5,1100.0,3365.0,44.0,187.0,95,43.0,63.0,4.0,4.0,12.5
149,3845,2016-06-22,20,0.944,12.1,3.5,1500.0,3346.0,47.0,189.0,70,40.0,47.0,4.0,4.0,13.3
150,3846,2016-06-22,40,1.554,10.4,3.4,1100.0,3278.0,39.0,193.0,136,52.0,54.0,4.0,4.0,11.4
151,3847,2016-06-22,29,1.256,10.2,3.4,1200.0,3174.0,43.0,189.0,99,43.0,41.0,4.0,4.0,12.5
152,3848,2016-06-22,34,1.516,13.3,3.4,1600.0,3287.0,44.0,189.0,116,30.0,30.0,4.0,4.0,12.9
153,3849,2016-06-22,30,1.27,11.4,3.1,1400.0,2786.0,41.0,189.0,93,36.0,37.0,4.0,4.0,13.6
154,3850,2016-06-22,28,1.221,10.7,3.2,1300.0,2847.0,42.0,1190.0,90,53.0,51.0,4.0,4.0,13.1
155,3851,2016-06-23,32,1.244,8.8,3.1,1000.0,2706.0,38.0,189.0,99,53.0,51.0,4.0,5.0,12.4
156,3852,2016-06-23,27,1.226,10.3,3.5,1200.0,3430.0,44.0,189.0,95,55.0,57.0,4.0,4.0,12.5
157,3853,2016-06-23,37,1.218,12.2,3.3,1100.0,3515.0,32.0,188.0,122,59.0,62.0,4.0,4.0,9.7
158,3854,2016-06-23,24,1.072,20.3,4.6,1800.0,5419.0,44.0,188.0,110,74.0,71.0,4.0,2.0,9.5
159,3855,2016-06-24,29,1.229,11.7,3.5,1300.0,4339.0,42.0,188.0,102,74.0,60.0,4.0,4.0,11.7
160,3856,2016-06-24,30,1.23,10.4,3.5,1100.0,4368.0,40.0,189.0,105,77.0,43.0,4.0,4.0,11.5
161,3857,2016-06-24,39,1.748,9.5,3.5,1100.0,3989.0,44.0,188.0,137,64.0,34.0,4.0,4.0,12.5
162,3858,2016-06-24,18,0.844,6.6,3.4,800.0,3680.0,45.0,189.0,61,83.0,78.0,4.0,5.0,13.1
163,3859,2016-06-24,27,1.264,9.3,3.6,1100.0,3717.0,46.0,189.0,97,86.0,85.0,4.0,5.0,12.9
164,3860,2016-06-24,27,1.256,12.4,4.3,1200.0,4484.0,45.0,190.0,116,86.0,87.0,4.0,4.0,10.4
165,3861,2016-06-25,29,1.232,12.0,3.9,1200.0,4057.0,42.0,189.0,113,44.0,83.0,4.0,4.0,11.0
166,3862,2016-06-25,29,1.226,10.0,3.8,1000.0,3614.0,41.0,191.0,110,37.0,86.0,4.0,4.0,10.8
167,3863,2016-06-25,29,1.237,10.2,3.6,1100.0,2970.0,42.0,189.0,104,30.0,53.0,4.0,4.0,11.7
168,3864,2016-06-25,34,1.433,11.4,3.1,1400.0,2775.0,41.0,189.0,105,51.0,47.0,4.0,4.0,13.4
169,3865,2016-06-25,29,1.265,9.9,3.3,1200.0,3113.0,43.0,189.0,96,78.0,74.0,4.0,4.0,12.8
170,3866,2016-06-25,30,1.237,10.4,3.3,1200.0,2967.0,41.0,190.0,99,66.0,78.0,4.0,4.0,12.4
171,3867,2016-06-25,37,1.524,10.9,3.2,1300.0,2716.0,41.0,189.0,118,59.0,79.0,4.0,4.0,12.8
172,3868,2016-06-25,28,1.472,11.0,3.8,1400.0,2934.0,52.0,190.0,106,69.0,73.0,4.0,4.0,13.6
173,3869,2016-06-25,39,1.532,9.1,3.0,1100.0,2511.0,39.0,188.0,117,45.0,43.0,4.0,5.0,13.0
174,3870,2016-06-26,37,1.549,11.6,3.4,1300.0,2796.0,41.0,188.0,126,47.0,45.0,4.0,4.0,11.9
175,3871,2016-06-26,35,1.307,8.9,3.4,900.0,3169.0,37.0,190.0,119,65.0,57.0,3.0,5.0,10.9
176,3872,2016-06-26,34,1.511,9.1,4.1,900.0,4223.0,44.0,188.0,139,77.0,85.0,3.0,5.0,10.7
177,3873,2016-06-26,34,1.552,14.8,4.4,1400.0,4501.0,45.0,188.0,150,75.0,74.0,3.0,3.0,10.1
178,3874,2016-06-26,31,1.545,15.5,3.9,1800.0,3755.0,49.0,188.0,121,67.0,86.0,3.0,3.0,12.4
179,3875,2016-06-26,35,1.529,10.5,3.3,1300.0,3375.0,44.0,189.0,116,67.0,83.0,3.0,4.0,13.1
180,3876,2016-06-27,34,1.527,11.4,3.4,1400.0,3408.0,45.0,187.0,116,73.0,62.0,3.0,4.0,13.2
181,3877,2016-06-27,33,1.536,9.8,3.4,1200.0,2910.0,45.0,189.0,112,57.0,49.0,3.0,4.0,13.3
182,3878,2016-06-27,33,1.532,11.2,3.4,1400.0,3250.0,46.0,188.0,112,52.0,48.0,3.0,4.0,13.5
183,3879,2016-06-27,27,1.225,9.3,3.5,1100.0,3670.0,45.0,191.0,95,70.0,56.0,3.0,5.0,13.1
184,3880,2016-06-27,46,1.482,14.5,3.9,1100.0,4117.0,32.0,190.0,179,68.0,68.0,3.0,3.0,8.0
185,3881,2016-06-27,34,1.555,13.5,4.1,1400.0,3863.0,46.0,189.0,139,72.0,83.0,3.0,3.0,11.1
186,3882,2016-06-28,36,1.528,10.8,3.5,1200.0,3420.0,42.0,191.0,126,33.0,59.0,3.0,4.0,11.8
187,3883,2016-06-28,35,1.552,11.1,3.4,1300.0,3012.0,43.0,190.0,119,47.0,61.0,3.0,4.0,12.9
188,3884,2016-06-28,35,1.537,11.6,3.3,1400.0,3426.0,43.0,188.0,116,75.0,58.0,3.0,4.0,13.1
189,3885,2016-06-28,40,1.722,11.9,3.4,1400.0,3281.0,43.0,189.0,136,50.0,48.0,3.0,4.0,12.6
190,3886,2016-06-28,31,1.268,9.8,3.7,1000.0,4201.0,41.0,188.0,115,87.0,76.0,3.0,4.0,11.0
191,3887,2016-06-28,34,1.528,12.4,4.6,1100.0,4593.0,44.0,190.0,156,83.0,84.0,3.0,4.0,9.5
192,3888,2016-06-28,26,1.232,10.0,4.7,900.0,4905.0,46.0,204.0,122,60.0,79.0,3.0,4.0,9.8
193,3889,2016-06-29,30,1.223,8.5,4.0,800.0,3906.0,41.0,218.0,120,39.0,65.0,3.0,5.0,10.2
194,3890,2016-06-29,28,1.23,10.6,3.5,1200.0,3410.0,43.0,219.0,98,31.0,55.0,4.0,4.0,12.2
195,3891,2016-06-29,33,1.525,8.7,3.6,1000.0,3915.0,45.0,217.0,119,52.0,73.0,4.0,5.0,12.5
196,3892,2016-06-29,42,1.583,9.3,3.2,1000.0,3366.0,37.0,197.0,134,74.0,80.0,4.0,5.0,11.5
197,3893,2016-06-29,40,1.546,15.9,3.5,1600.0,3659.0,38.0,199.0,140,77.0,87.0,4.0,3.0,11.0
198,3894,2016-06-29,34,1.4,9.5,3.5,1000.0,3122.0,40.0,197.0,119,60.0,76.0,4.0,4.0,11.7
199,3895,2016-06-29,38,1.503,10.3,3.1,1200.0,2519.0,39.0,197.0,118,41.0,57.0,4.0,4.0,12.9
200,3896,2016-06-29,41,1.545,8.5,3.0,1000.0,2318.0,38.0,199.0,123,32.0,43.0,4.0,5.0,12.7
201,3897,2016-06-30,34,1.524,12.6,3.5,1500.0,3422.0,45.0,198.0,119,29.0,57.0,4.0,4.0,12.8
202,3898,2016-06-30,33,1.523,14.2,3.7,1600.0,4001.0,45.0,197.0,122,28.0,55.0,4.0,3.0,12.4
203,3899,2016-06-30,32,1.702,12.4,3.8,1600.0,3686.0,53.0,197.0,122,28.0,47.0,4.0,4.0,13.8
204,3900,2016-06-30,29,1.235,13.1,3.4,1500.0,3032.0,42.0,198.0,99,36.0,59.0,4.0,4.0,12.5
205,3901,2016-06-30,30,1.266,12.5,3.4,1400.0,3007.0,41.0,197.0,102,32.0,40.0,4.0,4.0,12.4
206,3902,2016-06-30,32,1.25,12.3,3.6,1200.0,3544.0,38.0,199.0,115,34.0,41.0,4.0,4.0,10.7
1,3903,2016-07-01,29,1.225,12.0,3.5,1300.0,3127.0,41.0,197.0,102,31.0,34.0,4.0,4.0,12.0
2,3904,2016-07-01,31,1.233,11.3,3.5,1200.0,4062.0,40.0,198.0,109,36.0,39.0,4.0,4.0,11.2
3,3905,2016-07-01,33,1.223,9.4,3.9,800.0,4624.0,36.0,199.0,129,75.0,71.0,4.0,5.0,9.2
4,3906,2016-07-01,31,1.298,11.4,3.7,1200.0,4018.0,42.0,187.0,115,73.0,74.0,4.0,4.0,11.3
5,3907,2016-07-01,30,1.248,17.0,4.6,1400.0,4700.0,41.0,189.0,138,66.0,83.0,4.0,3.0,8.7
6,3908,2016-07-02,37,1.617,10.0,3.6,1100.0,3844.0,43.0,188.0,133,49.0,47.0,4.0,4.0,11.9
7,3909,2016-07-02,23,0.839,9.6,3.9,800.0,3736.0,35.0,188.0,90,62.0,58.0,4.0,4.0,9.1
8,3910,2016-07-02,29,1.26,14.9,3.7,1600.0,3967.0,43.0,188.0,107,50.0,54.0,4.0,3.0,11.6
9,3911,2016-07-02,27,1.258,13.5,4.1,1400.0,4265.0,46.0,189.0,111,48.0,48.0,4.0,3.0,11.2
10,3912,2016-07-02,26,1.228,16.4,4.1,1700.0,4615.0,46.0,190.0,107,74.0,56.0,4.0,3.0,11.2
11,3913,2016-07-03,26,1.237,19.2,4.4,1900.0,5121.0,47.0,187.0,114,64.0,83.0,4.0,2.0,10.5
12,3914,2016-07-03,27,1.231,19.4,4.4,1800.0,4559.0,44.0,189.0,119,46.0,50.0,4.0,2.0,10.1
13,3915,2016-07-03,34,1.528,16.3,3.9,1700.0,4258.0,44.0,187.0,133,48.0,54.0,4.0,3.0,11.1
14,3916,2016-07-03,7,0.318,11.8,4.0,1200.0,4480.0,44.0,189.0,28,64.0,79.0,4.0,4.0,10.8
15,3917,2016-07-03,28,1.227,13.0,4.4,1200.0,4659.0,44.0,186.0,123,79.0,89.0,4.0,4.0,9.9
16,3918,2016-07-03,29,1.249,13.3,4.3,1200.0,4782.0,42.0,188.0,125,70.0,72.0,4.0,4.0,9.7
17,3919,2016-07-04,32,1.225,11.9,4.2,1000.0,4453.0,38.0,189.0,134,63.0,64.0,4.0,4.0,8.9
18,3920,2016-07-04,28,1.206,10.4,4.5,900.0,4609.0,42.0,186.0,126,82.0,80.0,4.0,4.0,9.4
19,3921,2016-07-04,30,1.236,13.0,3.7,1300.0,4242.0,40.0,189.0,111,67.0,63.0,4.0,4.0,10.8
20,3922,2016-07-05,32,1.238,9.5,3.7,900.0,4329.0,38.0,187.0,118,73.0,60.0,4.0,4.0,10.3
21,3923,2016-07-05,35,1.22,10.6,3.7,900.0,3923.0,34.0,187.0,130,71.0,66.0,4.0,4.0,9.2
22,3924,2016-07-05,33,1.255,9.0,3.5,900.0,3636.0,38.0,185.0,116,77.0,81.0,4.0,5.0,11.0
23,3925,2016-07-05,35,1.219,9.9,3.2,1000.0,3382.0,35.0,189.0,112,57.0,54.0,4.0,4.0,10.8
24,3926,2016-07-06,32,1.238,7.9,3.1,900.0,3232.0,38.0,188.0,99,57.0,43.0,4.0,5.0,12.3
25,3927,2016-07-06,33,1.236,12.1,3.2,1300.0,3721.0,37.0,188.0,106,62.0,48.0,4.0,4.0,11.3
26,3928,2016-07-06,32,1.229,11.3,3.3,1200.0,3501.0,38.0,190.0,106,67.0,51.0,4.0,4.0,11.6
27,3929,2016-07-06,32,1.376,13.1,4.0,1300.0,4467.0,43.0,189.0,128,49.0,42.0,4.0,4.0,10.8
28,3930,2016-07-06,36,1.496,10.4,3.6,1100.0,3453.0,41.0,188.0,130,72.0,79.0,3.0,4.0,11.5
29,3931,2016-07-06,38,1.51,12.8,3.3,1400.0,2930.0,39.0,189.0,125,35.0,40.0,3.0,4.0,12.0
30,3932,2016-07-06,2,0.067,10.0,3.0,900.0,2746.0,29.0,188.0,6,33.0,64.0,3.0,4.0,9.6
31,3933,2016-07-06,35,1.464,11.6,3.4,1300.0,3224.0,41.0,189.0,119,38.0,54.0,3.0,4.0,12.1
32,3934,2016-07-06,30,1.527,9.3,3.9,1100.0,3001.0,50.0,188.0,117,33.0,39.0,3.0,5.0,12.9
33,3935,2016-07-07,36,1.526,7.4,3.2,900.0,2893.0,42.0,187.0,115,34.0,37.0,3.0,5.0,13.2
34,3936,2016-07-07,36,1.543,9.3,3.3,1100.0,2721.0,42.0,188.0,119,31.0,32.0,3.0,5.0,12.9
35,3937,2016-07-07,38,1.511,10.6,3.2,1200.0,2540.0,39.0,190.0,122,33.0,41.0,3.0,4.0,12.3
36,3938,2016-07-07,35,1.528,8.8,3.2,1100.0,2310.0,43.0,189.0,112,32.0,31.0,3.0,5.0,13.5
37,3939,2016-07-07,37,1.528,11.8,3.2,1400.0,2814.0,41.0,188.0,118,31.0,30.0,3.0,4.0,12.7
38,3940,2016-07-07,35,1.524,20.6,4.1,2000.0,4890.0,43.0,188.0,144,31.0,31.0,3.0,2.0,10.5
39,3941,2016-07-08,43,1.53,30.2,4.9,2000.0,6163.0,35.0,217.0,211,33.0,34.0,3.0,2.0,7.2
40,3942,2016-07-08,44,1.52,30.8,5.4,1800.0,6860.0,34.0,216.0,238,34.0,38.0,3.0,2.0,6.3
41,3943,2016-07-08,47,1.554,23.0,4.7,1500.0,5532.0,33.0,218.0,221,64.0,63.0,3.0,2.0,6.9
42,3944,2016-07-08,21,0.922,13.4,4.1,1300.0,4200.0,43.0,217.0,86,74.0,83.0,3.0,4.0,10.6
43,3945,2016-07-08,29,1.258,13.7,3.8,1400.0,3899.0,42.0,216.0,110,64.0,70.0,3.0,3.0,11.2
44,3946,2016-07-09,31,1.224,16.6,4.0,1500.0,5493.0,39.0,217.0,124,60.0,85.0,4.0,3.0,9.9
45,3947,2016-07-09,36,1.238,19.0,4.6,1300.0,5744.0,34.0,218.0,166,50.0,44.0,4.0,2.0,7.3
46,3948,2016-07-09,34,1.392,16.0,3.7,1600.0,4173.0,40.0,217.0,126,48.0,39.0,4.0,3.0,10.8
47,3949,2016-07-10,30,1.249,12.5,4.2,1100.0,4538.0,40.0,216.0,126,81.0,63.0,4.0,4.0,9.6
48,3950,2016-07-10,30,1.271,15.4,4.5,1300.0,4732.0,41.0,215.0,135,57.0,67.0,4.0,3.0,9.2
49,3951,2016-07-10,36,1.554,14.0,4.3,1300.0,4713.0,43.0,217.0,155,56.0,84.0,4.0,3.0,10.0
50,3952,2016-07-10,29,1.233,9.3,3.6,1000.0,4334.0,42.0,216.0,104,70.0,62.0,4.0,5.0,11.6
51,3953,2016-07-10,32,1.229,15.1,3.7,1400.0,4643.0,37.0,218.0,118,66.0,40.0,4.0,3.0,10.1
52,3954,2016-07-10,30,1.234,12.6,4.0,1200.0,3887.0,41.0,217.0,120,57.0,33.0,4.0,4.0,10.3
53,3955,2016-07-10,30,1.252,13.6,3.7,1400.0,3822.0,41.0,217.0,111,70.0,69.0,4.0,3.0,11.0
54,3956,2016-07-11,30,1.266,11.7,3.7,1200.0,4015.0,41.0,217.0,111,63.0,85.0,4.0,4.0,11.0
55,3957,2016-07-11,31,1.27,14.4,3.8,1400.0,4679.0,40.0,215.0,118,76.0,80.0,4.0,3.0,10.5
56,3958,2016-07-11,24,1.068,18.1,4.5,1600.0,5503.0,43.0,218.0,108,67.0,80.0,4.0,2.0,9.6
57,3959,2016-07-11,30,1.227,12.7,4.0,1200.0,4355.0,41.0,216.0,120,59.0,70.0,4.0,4.0,10.2
58,3960,2016-07-11,30,1.229,11.3,3.5,1200.0,3881.0,40.0,216.0,105,74.0,61.0,4.0,4.0,11.4
59,3961,2016-07-11,31,1.234,11.3,3.4,1200.0,3891.0,39.0,217.0,105,54.0,45.0,4.0,4.0,11.4
60,3962,2016-07-11,28,1.227,11.1,4.1,1100.0,4398.0,44.0,218.0,115,50.0,53.0,4.0,4.0,10.6
61,3963,2016-07-11,30,1.251,9.7,4.2,900.0,4712.0,42.0,219.0,126,83.0,86.0,4.0,4.0,10.0
62,3964,2016-07-12,28,1.233,11.6,4.2,1100.0,4322.0,43.0,219.0,118,85.0,70.0,4.0,4.0,10.2
63,3965,2016-07-12,29,1.19,12.3,3.5,1300.0,3793.0,40.0,217.0,102,42.0,67.0,4.0,4.0,11.4
64,3966,2016-07-12,32,1.224,9.9,3.4,1000.0,3635.0,37.0,219.0,109,34.0,70.0,4.0,4.0,11.0
65,3967,2016-07-12,32,1.223,11.9,3.5,1200.0,3598.0,38.0,219.0,112,30.0,68.0,4.0,4.0,11.0
66,3968,2016-07-12,29,1.255,9.6,3.4,1100.0,3325.0,42.0,217.0,99,50.0,73.0,3.0,4.0,12.5
67,3969,2016-07-13,29,1.255,10.5,3.4,1200.0,3603.0,42.0,217.0,99,57.0,73.0,3.0,4.0,12.4
68,3970,2016-07-13,34,1.523,7.8,3.6,900.0,3137.0,45.0,217.0,122,30.0,52.0,3.0,5.0,12.3
69,3971,2016-07-13,32,1.508,9.0,3.5,1100.0,2962.0,46.0,217.0,112,31.0,33.0,3.0,5.0,13.0
70,3972,2016-07-13,42,1.517,12.0,3.0,1300.0,2749.0,35.0,220.0,126,41.0,40.0,3.0,4.0,11.8
71,3973,2016-07-13,34,1.531,7.9,3.2,1000.0,3006.0,44.0,189.0,109,40.0,46.0,3.0,5.0,13.8
72,3974,2016-07-13,35,1.523,9.3,3.1,1200.0,2904.0,43.0,190.0,109,29.0,47.0,3.0,5.0,13.9
73,3975,2016-07-13,34,1.53,9.6,3.0,1300.0,2779.0,44.0,189.0,102,46.0,51.0,3.0,4.0,14.4
74,3976,2016-07-13,34,1.521,8.6,3.5,1000.0,3335.0,44.0,188.0,119,76.0,76.0,3.0,5.0,12.6
75,3977,2016-07-14,41,1.562,15.5,3.8,1400.0,4497.0,37.0,191.0,156,60.0,54.0,4.0,3.0,9.8
76,3978,2016-07-14,34,1.51,15.5,4.5,1400.0,4502.0,44.0,189.0,153,66.0,65.0,4.0,3.0,9.9
77,3979,2016-07-15,26,1.297,11.7,4.4,1200.0,4717.0,49.0,189.0,114,84.0,76.0,4.0,4.0,11.0
78,3980,2016-07-15,30,1.553,13.2,5.2,1200.0,5471.0,51.0,189.0,156,87.0,85.0,4.0,4.0,9.8
79,3981,2016-07-15,30,1.519,11.8,4.2,1300.0,4137.0,50.0,189.0,126,66.0,85.0,4.0,4.0,11.8
80,3982,2016-07-15,26,1.448,12.0,4.0,1500.0,3597.0,54.0,188.0,104,76.0,80.0,4.0,4.0,13.5
81,3983,2016-07-15,43,1.541,10.2,3.0,1100.0,2790.0,35.0,190.0,129,61.0,57.0,3.0,4.0,11.8
82,3984,2016-07-15,37,1.524,8.7,3.0,1100.0,2456.0,41.0,188.0,111,52.0,63.0,3.0,5.0,13.6
83,3985,2016-07-15,35,1.539,10.5,3.0,1400.0,2093.0,43.0,190.0,105,36.0,51.0,3.0,4.0,14.5
84,3986,2016-07-15,36,1.515,8.8,3.1,1100.0,1975.0,42.0,188.0,112,35.0,44.0,3.0,5.0,13.6
85,3987,2016-07-16,30,1.535,7.3,3.4,1000.0,1890.0,50.0,187.0,102,38.0,41.0,3.0,5.0,14.5
86,3988,2016-07-16,32,1.495,8.3,3.6,1000.0,1868.0,47.0,189.0,115,32.0,35.0,3.0,5.0,13.1
87,3989,2016-07-16,34,1.239,10.9,3.3,1100.0,2133.0,36.0,189.0,112,44.0,43.0,3.0,4.0,11.0
88,3990,2016-07-16,35,1.527,7.2,3.2,900.0,2486.0,43.0,169.0,112,47.0,48.0,3.0,5.0,13.6
89,3991,2016-07-16,35,1.533,9.9,3.3,1200.0,2857.0,43.0,171.0,116,36.0,40.0,3.0,4.0,13.1
90,3992,2016-07-16,38,1.528,10.4,3.2,1200.0,3085.0,40.0,188.0,122,81.0,68.0,3.0,4.0,12.6
91,3993,2016-07-16,33,1.424,11.2,3.7,1200.0,4111.0,43.0,189.0,122,81.0,55.0,3.0,4.0,11.5
92,3994,2016-07-17,34,1.514,11.8,4.0,1200.0,3921.0,44.0,188.0,136,87.0,61.0,4.0,4.0,11.1
93,3995,2016-07-17,25,1.262,13.2,4.6,1300.0,5434.0,49.0,188.0,115,76.0,72.0,4.0,4.0,10.6
94,3996,2016-07-17,28,1.431,11.7,5.4,1000.0,5932.0,50.0,207.0,151,54.0,89.0,4.0,4.0,9.2
95,3997,2016-07-17,28,1.244,7.9,3.5,900.0,4490.0,43.0,204.0,98,35.0,75.0,4.0,5.0,12.1
96,3998,2016-07-17,27,1.231,10.0,3.4,1200.0,3192.0,44.0,206.0,92,44.0,61.0,3.0,4.0,12.9
97,3999,2016-07-17,25,1.246,10.6,3.7,1300.0,3457.0,49.0,188.0,93,44.0,56.0,3.0,4.0,13.2
98,4000,2016-07-18,35,1.54,9.1,3.6,1000.0,3389.0,43.0,189.0,126,54.0,64.0,3.0,5.0,12.1
99,4001,2016-07-18,29,1.524,11.9,4.0,1400.0,3867.0,51.0,188.0,116,73.0,69.0,3.0,4.0,12.9
100,4002,2016-07-18,29,1.526,12.8,4.1,1500.0,3744.0,52.0,189.0,119,63.0,73.0,3.0,4.0,12.8
101,4003,2016-07-18,40,1.51,11.2,3.5,1100.0,3521.0,37.0,188.0,140,84.0,73.0,3.0,4.0,10.5
102,4004,2016-07-18,34,1.532,10.6,3.4,1300.0,3107.0,45.0,191.0,116,62.0,52.0,3.0,4.0,13.1
103,4005,2016-07-18,31,1.279,9.8,3.7,1000.0,3296.0,41.0,189.0,115,76.0,78.0,3.0,4.0,11.3
104,4006,2016-07-19,28,1.312,9.2,3.9,1000.0,3709.0,46.0,188.0,109,58.0,86.0,4.0,5.0,11.7
105,4007,2016-07-19,28,1.242,8.7,4.3,800.0,4295.0,43.0,190.0,120,53.0,92.0,4.0,5.0,10.2
106,4008,2016-07-19,38,1.248,10.0,3.8,800.0,4501.0,33.0,190.0,144,74.0,55.0,4.0,4.0,8.7
107,4009,2016-07-19,26,1.212,9.0,3.4,1100.0,3946.0,45.0,188.0,88,52.0,66.0,4.0,5.0,13.2
108,4010,2016-07-19,32,1.223,10.0,3.5,1000.0,3713.0,38.0,191.0,112,56.0,57.0,4.0,4.0,10.8
109,4011,2016-07-20,28,1.254,12.1,4.1,1200.0,3711.0,44.0,191.0,115,89.0,81.0,4.0,4.0,10.8
110,4012,2016-07-20,25,1.204,12.6,4.3,1300.0,3596.0,48.0,187.0,108,88.0,88.0,4.0,4.0,11.1
111,4013,2016-07-20,35,1.232,11.4,3.7,1000.0,3322.0,35.0,190.0,130,77.0,76.0,3.0,4.0,9.5
112,4014,2016-07-20,29,1.229,10.8,3.5,1200.0,3249.0,42.0,188.0,102,40.0,71.0,3.0,4.0,11.9
113,4015,2016-07-20,32,1.524,8.1,3.6,1000.0,2926.0,48.0,190.0,115,44.0,55.0,3.0,5.0,13.2
114,4016,2016-07-20,31,1.552,9.6,3.7,1200.0,3279.0,50.0,188.0,115,74.0,74.0,3.0,4.0,13.4
115,4017,2016-07-21,29,1.516,11.6,4.2,1300.0,3311.0,51.0,188.0,122,32.0,74.0,3.0,4.0,12.3
116,4018,2016-07-21,31,1.532,9.5,4.3,1000.0,3251.0,49.0,189.0,133,48.0,70.0,3.0,4.0,11.5
117,4019,2016-07-21,28,1.454,9.1,4.3,1000.0,3073.0,51.0,189.0,120,59.0,68.0,3.0,5.0,12.0
118,4020,2016-07-21,30,1.697,7.0,4.5,800.0,3351.0,56.0,190.0,135,68.0,71.0,3.0,5.0,12.4
119,4021,2016-07-21,33,1.499,8.4,3.5,1000.0,3440.0,45.0,188.0,116,55.0,40.0,4.0,5.0,12.8
120,4022,2016-07-21,34,1.531,11.7,3.4,1400.0,4191.0,44.0,190.0,116,58.0,77.0,4.0,4.0,13.0
121,4023,2016-07-21,33,1.527,11.8,3.6,1400.0,4210.0,46.0,189.0,119,73.0,64.0,4.0,4.0,12.7
122,4024,2016-07-21,20,0.949,11.5,3.5,1400.0,3541.0,46.0,189.0,70,70.0,64.0,4.0,4.0,13.1
123,4025,2016-07-21,13,0.605,9.6,3.7,1100.0,3373.0,46.0,187.0,48,78.0,84.0,3.0,4.0,12.5
124,4026,2016-07-22,28,1.512,9.2,4.1,1100.0,2999.0,53.0,188.0,115,67.0,78.0,3.0,5.0,12.9
125,4027,2016-07-22,27,1.519,9.1,4.3,1100.0,2410.0,56.0,188.0,116,58.0,62.0,3.0,5.0,13.1
126,4028,2016-07-22,28,1.664,8.7,4.4,1100.0,2532.0,60.0,187.0,123,56.0,55.0,3.0,5.0,13.5
1,4089,2016-07-31,51,1.542,9.4,2.9,900.0,2673.0,30.0,188.0,148,60.0,70.0,3.0,5.0,10.5
2,4090,2016-08-02,42,1.521,10.8,3.0,1200.0,2607.0,36.0,190.0,126,38.0,61.0,3.0,4.0,12.3
3,4091,2016-08-02,50,1.721,9.5,3.0,1000.0,2550.0,34.0,188.0,150,51.0,60.0,3.0,4.0,11.6
4,4092,2016-08-02,37,1.531,9.9,3.4,1100.0,3759.0,41.0,189.0,126,18.0,79.0,3.0,4.0,12.0
5,4093,2016-08-02,33,1.574,10.7,3.8,1200.0,4478.0,46.0,188.0,125,73.0,81.0,3.0,4.0,12.2
6,4094,2016-08-02,34,1.556,12.2,4.3,1200.0,6344.0,46.0,188.0,146,75.0,86.0,3.0,4.0,10.7
7,4095,2016-08-02,33,1.498,10.6,4.0,1100.0,4144.0,45.0,190.0,132,54.0,84.0,3.0,4.0,11.3
8,4096,2016-08-02,32,1.528,9.9,3.6,1200.0,2807.0,47.0,188.0,115,76.0,81.0,3.0,4.0,13.2
9,4097,2016-08-03,32,1.532,10.5,3.6,1300.0,2619.0,48.0,190.0,115,69.0,44.0,3.0,4.0,13.1
10,4098,2016-08-03,35,1.524,11.2,3.5,1300.0,2770.0,44.0,188.0,123,69.0,34.0,3.0,4.0,12.6
11,4099,2016-08-03,37,1.527,10.1,3.5,1100.0,3268.0,41.0,189.0,130,66.0,38.0,3.0,4.0,11.8
12,4100,2016-08-03,38,1.539,10.4,3.6,1100.0,3737.0,41.0,186.0,137,73.0,68.0,3.0,4.0,11.1
13,4101,2016-08-03,31,1.486,9.7,3.9,1100.0,4148.0,48.0,186.0,121,79.0,83.0,3.0,4.0,12.4
14,4102,2016-08-03,31,1.535,9.5,3.9,1100.0,3996.0,49.0,189.0,121,70.0,80.0,3.0,4.0,12.6
15,4103,2016-08-03,32,1.526,8.8,3.9,1000.0,3453.0,48.0,188.0,125,83.0,71.0,3.0,5.0,12.3
16,4104,2016-08-03,32,1.539,10.3,3.8,1200.0,3445.0,48.0,190.0,122,61.0,56.0,3.0,4.0,12.7
17,4105,2016-08-04,26,1.151,9.1,3.7,1000.0,3351.0,44.0,188.0,96,43.0,56.0,3.0,5.0,11.9
18,4106,2016-08-04,22,0.98,11.8,3.7,1300.0,3275.0,44.0,189.0,81,45.0,53.0,3.0,4.0,12.2
19,4107,2016-08-04,22,0.944,10.5,3.5,1200.0,3332.0,43.0,189.0,77,34.0,65.0,3.0,4.0,12.2
20,4108,2016-08-04,20,0.869,8.6,3.4,1000.0,4366.0,43.0,191.0,68,27.0,71.0,3.0,5.0,12.5
21,4109,2016-08-04,24,0.897,10.6,3.1,1200.0,3240.0,38.0,190.0,74,30.0,68.0,3.0,4.0,12.2
22,4110,2016-08-04,34,1.525,8.2,3.5,1000.0,3110.0,46.0,191.0,119,74.0,80.0,3.0,5.0,12.9
23,4111,2016-08-04,32,1.547,11.7,3.8,1400.0,2682.0,49.0,188.0,122,69.0,68.0,3.0,4.0,12.7
24,4112,2016-08-04,32,1.524,8.9,3.6,1100.0,2211.0,48.0,189.0,115,40.0,38.0,3.0,5.0,13.2
25,4113,2016-08-05,34,1.52,9.5,3.6,1100.0,2572.0,45.0,188.0,122,36.0,39.0,3.0,4.0,12.4
26,4114,2016-08-05,38,1.513,11.9,3.4,1300.0,3523.0,40.0,188.0,129,34.0,39.0,3.0,4.0,11.8
27,4115,2016-08-05,38,1.504,13.4,3.3,1500.0,4499.0,40.0,188.0,125,35.0,80.0,4.0,4.0,11.9
28,4116,2016-08-05,29,1.267,11.4,3.5,1300.0,4222.0,43.0,190.0,102,40.0,88.0,4.0,4.0,12.5
29,4117,2016-08-05,33,1.445,9.7,3.6,1100.0,3814.0,44.0,184.0,119,60.0,87.0,4.0,4.0,12.2
30,4118,2016-08-05,28,1.257,10.7,3.7,1200.0,3256.0,45.0,188.0,104,72.0,71.0,3.0,4.0,12.3
31,4119,2016-08-05,29,1.291,10.8,3.4,1300.0,2999.0,44.0,190.0,99,71.0,66.0,3.0,4.0,12.9
32,4120,2016-08-06,28,1.231,8.1,3.3,1000.0,2862.0,44.0,192.0,92,61.0,45.0,3.0,5.0,13.3
33,4121,2016-08-06,27,1.204,11.3,3.3,1400.0,2659.0,44.0,189.0,89,50.0,26.0,3.0,4.0,13.4
34,4122,2016-08-06,28,1.224,10.2,3.2,1300.0,2523.0,44.0,189.0,90,50.0,23.0,3.0,4.0,13.9
35,4123,2016-08-06,31,1.263,9.7,3.0,1200.0,2580.0,40.0,189.0,93,37.0,33.0,3.0,4.0,13.5
36,4124,2016-08-06,37,1.536,12.6,3.0,1600.0,2619.0,41.0,189.0,111,30.0,31.0,3.0,4.0,13.6
37,4125,2016-08-06,38,1.526,12.5,2.9,1600.0,2843.0,40.0,190.0,110,34.0,32.0,3.0,4.0,13.5
38,4126,2016-08-06,35,1.524,10.8,3.3,1300.0,2915.0,43.0,190.0,116,46.0,42.0,3.0,4.0,13.1
39,4127,2016-08-06,34,1.534,7.5,3.4,900.0,2830.0,44.0,191.0,116,35.0,45.0,3.0,5.0,13.1
40,4128,2016-08-07,32,1.526,8.3,3.2,1100.0,2720.0,46.0,189.0,102,35.0,35.0,3.0,5.0,14.3
41,4129,2016-08-07,39,1.52,10.0,3.0,1200.0,2689.0,39.0,192.0,117,33.0,33.0,3.0,4.0,12.8
42,4130,2016-08-07,29,1.419,10.7,3.4,1400.0,2503.0,48.0,189.0,99,34.0,33.0,3.0,4.0,14.4
43,4131,2016-08-07,38,1.52,8.6,2.9,1100.0,2399.0,40.0,189.0,110,46.0,35.0,3.0,5.0,13.6
44,4132,2016-08-07,36,1.533,7.7,3.0,1000.0,2359.0,42.0,190.0,108,33.0,33.0,3.0,5.0,13.9
45,4133,2016-08-07,21,0.848,8.6,3.2,1000.0,2369.0,40.0,187.0,67,32.0,31.0,3.0,5.0,12.6
46,4134,2016-08-07,17,0.68,14.4,2.9,1800.0,4055.0,39.0,187.0,49,38.0,31.0,3.0,3.0,13.2
47,4135,2016-08-08,38,1.542,12.9,3.2,1500.0,2347.0,40.0,191.0,122,31.0,32.0,3.0,4.0,12.6
48,4136,2016-08-08,37,1.523,10.9,3.1,1300.0,2652.0,40.0,189.0,115,32.0,34.0,3.0,4.0,12.8
49,4137,2016-08-08,37,1.522,11.7,3.1,1400.0,2762.0,40.0,189.0,115,31.0,32.0,3.0,4.0,12.9
50,4138,2016-08-08,37,1.368,10.6,3.2,1100.0,3463.0,36.0,190.0,118,51.0,61.0,3.0,4.0,11.2
51,4139,2016-08-08,30,1.238,12.3,3.5,1300.0,3118.0,40.0,191.0,105,36.0,39.0,4.0,5.0,11.7
52,4140,2016-08-08,35,1.531,8.1,3.2,1000.0,3512.0,43.0,188.0,112,48.0,83.0,4.0,5.0,13.2
53,4141,2016-08-09,36,1.523,9.3,3.3,1100.0,3139.0,42.0,188.0,119,35.0,46.0,4.0,5.0,12.7
54,4142,2016-08-09,35,1.51,8.5,3.3,1000.0,2998.0,42.0,189.0,116,32.0,38.0,3.0,5.0,12.7
55,4143,2016-08-09,37,1.523,8.6,3.2,1000.0,2728.0,40.0,191.0,118,33.0,33.0,3.0,5.0,12.5
56,4144,2016-08-09,35,1.426,7.6,3.2,900.0,2776.0,41.0,187.0,112,32.0,33.0,3.0,5.0,12.7
57,4145,2016-08-09,28,1.246,8.8,3.2,1100.0,2647.0,43.0,189.0,90,33.0,34.0,3.0,5.0,13.4
58,4146,2016-08-09,29,1.269,11.3,3.3,1400.0,3077.0,44.0,187.0,96,39.0,49.0,3.0,4.0,13.4
59,4147,2016-08-09,33,1.565,28.6,4.3,2900.0,7026.0,47.0,188.0,142,39.0,50.0,3.0,2.0,10.9
60,4148,2016-08-09,37,1.534,22.1,4.0,2100.0,5618.0,41.0,206.0,148,46.0,58.0,3.0,2.0,10.3
61,4149,2016-08-10,35,1.524,14.0,3.5,1600.0,3281.0,43.0,209.0,123,30.0,45.0,3.0,3.0,12.4
62,4150,2016-08-10,46,1.522,10.8,3.3,1000.0,2979.0,33.0,205.0,152,29.0,44.0,3.0,4.0,10.1
63,4151,2016-08-10,55,1.725,12.3,3.2,1100.0,3255.0,31.0,190.0,176,39.0,70.0,3.0,4.0,9.6
64,4152,2016-08-10,35,1.53,9.9,3.3,1200.0,3204.0,43.0,187.0,116,29.0,78.0,3.0,4.0,12.9
65,4153,2016-08-10,34,1.52,11.5,3.6,1300.0,3305.0,44.0,188.0,122,31.0,43.0,4.0,4.0,12.4
66,4154,2016-08-10,30,1.279,17.9,4.0,1700.0,4736.0,41.0,189.0,120,34.0,56.0,4.0,2.0,10.5
67,4155,2016-08-11,32,1.236,18.2,4.0,1600.0,4739.0,38.0,190.0,128,33.0,45.0,4.0,2.0,9.5
68,4156,2016-08-11,30,1.216,17.4,3.8,1700.0,4997.0,40.0,187.0,114,30.0,71.0,4.0,3.0,10.4
69,4157,2016-08-11,36,1.218,23.6,3.8,1900.0,6673.0,33.0,217.0,137,30.0,84.0,4.0,2.0,8.8
70,4158,2016-08-11,32,1.287,27.6,3.7,2700.0,7576.0,39.0,227.0,118,36.0,64.0,4.0,2.0,10.5
71,4159,2016-08-11,38,1.547,30.9,4.4,2600.0,7610.0,40.0,226.0,167,33.0,38.0,4.0,2.0,9.2
72,4160,2016-08-11,32,1.274,27.8,4.3,2400.0,6886.0,40.0,225.0,138,37.0,45.0,4.0,2.0,9.3
73,4161,2016-08-12,40,1.268,25.1,3.8,1900.0,5756.0,31.0,226.0,152,31.0,38.0,4.0,2.0,8.3
74,4162,2016-08-12,30,1.257,29.7,4.7,2400.0,7299.0,41.0,227.0,141,32.0,33.0,4.0,2.0,8.6
75,4163,2016-08-12,35,1.234,24.0,4.1,1900.0,6515.0,35.0,228.0,144,32.0,32.0,4.0,2.0,8.5
76,4164,2016-08-13,32,1.224,15.1,3.8,1400.0,4225.0,38.0,225.0,122,33.0,29.0,4.0,3.0,10.0
77,4165,2016-08-13,26,1.217,11.9,3.8,1300.0,3523.0,45.0,227.0,99,33.0,28.0,4.0,4.0,12.0
78,4166,2016-08-13,28,1.239,9.1,3.7,1000.0,2900.0,44.0,227.0,104,31.0,30.0,4.0,5.0,11.8
79,4167,2016-08-13,27,1.227,8.9,3.7,1000.0,2931.0,45.0,226.0,100,34.0,30.0,4.0,5.0,12.2
80,4168,2016-08-13,28,1.312,8.8,3.4,1100.0,3164.0,46.0,188.0,95,37.0,29.0,4.0,5.0,13.2
81,4169,2016-08-13,26,1.26,14.5,3.8,1700.0,4311.0,48.0,189.0,99,50.0,35.0,4.0,3.0,12.6
82,4170,2016-08-13,25,1.262,17.2,3.8,2100.0,5691.0,50.0,190.0,95,43.0,36.0,4.0,3.0,13.2
83,4171,2016-08-13,24,1.252,14.2,4.2,1600.0,4008.0,51.0,189.0,101,39.0,32.0,4.0,3.0,12.3
84,4172,2016-08-13,24,1.254,9.9,3.9,1200.0,3066.0,51.0,190.0,94,36.0,36.0,4.0,4.0,13.1
85,4173,2016-08-14,30,1.235,13.8,3.5,1500.0,4171.0,41.0,189.0,105,33.0,33.0,4.0,3.0,11.5
86,4174,2016-08-14,34,1.226,22.2,3.7,2000.0,5738.0,36.0,207.0,126,33.0,33.0,4.0,2.0,9.6
87,4175,2016-08-14,29,1.259,28.8,4.1,2800.0,6761.0,43.0,208.0,119,33.0,34.0,4.0,2.0,10.5
88,4176,2016-08-14,36,1.534,34.7,4.4,3000.0,7439.0,41.0,207.0,158,31.0,31.0,4.0,2.0,9.5
89,4177,2016-08-14,35,1.55,31.9,4.2,3100.0,7265.0,44.0,207.0,147,32.0,32.0,4.0,2.0,10.3
90,4178,2016-08-15,35,1.523,31.6,4.2,3000.0,7048.0,43.0,208.0,147,30.0,32.0,3.0,2.0,10.3
91,4179,2016-08-15,35,1.549,16.1,4.1,1600.0,4099.0,44.0,207.0,144,30.0,31.0,3.0,3.0,10.6
92,4180,2016-08-15,36,1.535,13.9,3.6,1500.0,4317.0,42.0,207.0,130,30.0,31.0,3.0,3.0,11.8
93,4181,2016-08-15,42,1.705,9.5,3.5,1000.0,3234.0,40.0,208.0,147,30.0,32.0,3.0,4.0,11.6
94,4182,2016-08-15,35,1.508,12.7,3.6,1400.0,3719.0,43.0,207.0,126,30.0,31.0,3.0,4.0,11.7
95,4183,2016-08-15,34,1.533,11.8,3.7,1300.0,3187.0,44.0,207.0,126,30.0,32.0,3.0,4.0,12.0
96,4184,2016-08-15,36,1.224,19.4,3.7,1600.0,5024.0,33.0,198.0,133,30.0,32.0,3.0,2.0,9.1
97,4185,2016-08-16,32,1.235,27.3,3.7,2600.0,6744.0,38.0,226.0,118,30.0,31.0,3.0,2.0,10.3
98,4186,2016-08-16,43,1.537,30.8,3.7,2700.0,7287.0,35.0,227.0,159,28.0,47.0,3.0,2.0,9.5
99,4187,2016-08-16,43,1.534,34.4,4.3,2600.0,7938.0,35.0,227.0,185,26.0,56.0,3.0,2.0,8.3
100,4188,2016-08-16,47,1.701,31.7,4.6,2300.0,7188.0,36.0,228.0,216,26.0,60.0,4.0,2.0,7.7
101,4189,2016-08-16,37,1.533,27.2,4.3,2400.0,7111.0,41.0,227.0,159,31.0,50.0,4.0,2.0,9.6
102,4190,2016-08-16,28,1.266,24.7,4.3,2400.0,6552.0,45.0,225.0,120,34.0,43.0,4.0,2.0,10.5
103,4191,2016-08-16,26,1.249,17.1,4.0,1900.0,4845.0,48.0,226.0,104,33.0,54.0,4.0,3.0,11.9
104,4192,2016-08-16,25,1.196,17.4,4.0,1900.0,4606.0,47.0,227.0,100,31.0,32.0,4.0,3.0,11.8
105,4193,2016-08-17,32,1.231,23.5,3.6,2300.0,6048.0,38.0,227.0,115,32.0,31.0,4.0,2.0,10.8
106,4194,2016-08-17,33,1.239,28.3,3.6,2700.0,7358.0,37.0,226.0,119,31.0,31.0,4.0,2.0,10.3
107,4195,2016-08-17,41,1.56,35.9,4.4,2800.0,8481.0,37.0,228.0,180,31.0,31.0,4.0,2.0,8.6
108,4196,2016-08-18,31,1.232,32.1,4.3,2700.0,7660.0,39.0,236.0,133,31.0,31.0,4.0,2.0,8.9
109,4197,2016-08-18,30,1.299,39.2,4.6,3400.0,8804.0,43.0,235.0,138,30.0,33.0,4.0,2.0,9.3
110,4198,2016-08-18,27,1.314,31.7,4.7,3000.0,6988.0,48.0,235.0,127,31.0,29.0,4.0,2.0,10.3
111,4199,2016-08-18,28,1.43,23.3,4.5,2400.0,5951.0,50.0,235.0,126,33.0,32.0,4.0,2.0,11.0
112,4200,2016-08-18,32,1.289,18.5,3.6,1900.0,5149.0,40.0,234.0,115,34.0,32.0,4.0,2.0,11.2
113,4201,2016-08-18,38,1.242,31.3,3.2,2900.0,7475.0,32.0,236.0,122,30.0,32.0,4.0,2.0,10.1
114,4202,2016-08-18,43,1.222,34.3,2.7,3300.0,7892.0,28.0,236.0,116,32.0,33.0,4.0,2.0,10.5
115,4203,2016-08-18,36,1.174,34.2,2.9,3500.0,8456.0,32.0,235.0,104,32.0,32.0,4.0,2.0,11.1
116,4204,2016-08-18,35,1.274,35.3,3.1,3800.0,8796.0,36.0,235.0,109,32.0,32.0,4.0,2.0,11.8
117,4205,2016-08-19,38,1.281,33.4,3.1,3400.0,8069.0,34.0,237.0,118,33.0,31.0,4.0,2.0,11.0
118,4206,2016-08-19,36,1.285,26.0,3.1,2800.0,6686.0,36.0,236.0,112,33.0,31.0,4.0,2.0,11.6
119,4207,2016-08-19,36,1.262,22.5,2.8,2600.0,6713.0,35.0,236.0,101,34.0,31.0,4.0,2.0,12.5
120,4208,2016-08-19,40,1.46,21.0,2.8,2500.0,5555.0,36.0,236.0,112,35.0,32.0,4.0,2.0,12.9
121,4209,2016-08-19,35,1.215,8.1,2.9,900.0,3416.0,35.0,237.0,102,37.0,32.0,4.0,5.0,11.8
122,4210,2016-08-19,33,1.232,8.7,3.3,900.0,3496.0,37.0,236.0,109,34.0,27.0,4.0,5.0,11.1
123,4211,2016-08-19,32,1.263,11.1,3.0,1300.0,3296.0,38.0,213.0,96,34.0,31.0,4.0,4.0,12.9
124,4212,2016-08-20,31,1.254,9.4,2.9,1200.0,2890.0,40.0,190.0,90,33.0,31.0,4.0,5.0,13.9
125,4213,2016-08-20,31,1.281,10.3,3.0,1300.0,3045.0,41.0,190.0,93,32.0,31.0,4.0,4.0,13.8
126,4214,2016-08-20,38,1.517,11.6,3.0,1400.0,3016.0,39.0,189.0,114,31.0,32.0,4.0,4.0,13.2
1,4317,2016-09-01,25,1.224,10.8,3.7,1300.0,4293.0,48.0,188.0,93,43.0,56.0,3.0,4.0,12.8
2,4318,2016-09-01,26,1.304,11.0,3.9,1300.0,5739.0,50.0,188.0,101,49.0,54.0,3.0,4.0,12.8
3,4319,2016-09-01,25,1.259,10.6,4.0,1200.0,4279.0,49.0,188.0,100,39.0,38.0,3.0,4.0,12.4
4,4320,2016-09-01,28,1.219,13.1,4.0,1300.0,3891.0,43.0,188.0,112,39.0,38.0,3.0,4.0,10.7
5,4321,2016-09-01,25,1.227,22.0,4.0,2500.0,5761.0,49.0,190.0,100,37.0,36.0,3.0,2.0,12.2
6,4322,2016-09-01,25,1.238,17.3,4.0,2000.0,4856.0,50.0,189.0,100,40.0,45.0,3.0,3.0,12.5
7,4323,2016-09-01,25,1.252,7.8,4.0,900.0,3212.0,50.0,190.0,100,52.0,40.0,3.0,5.0,12.5
8,4324,2016-09-01,30,1.536,9.5,4.0,1100.0,2861.0,50.0,189.0,120,34.0,31.0,3.0,4.0,12.5
9,4325,2016-09-01,28,1.415,12.0,3.9,1400.0,2631.0,49.0,191.0,109,31.0,31.0,3.0,4.0,12.5
10,4326,2016-09-01,34,1.532,12.9,3.5,1500.0,3290.0,44.0,189.0,119,63.0,54.0,3.0,4.0,12.6
11,4327,2016-09-02,35,1.533,14.9,3.3,1800.0,4329.0,43.0,189.0,116,51.0,47.0,3.0,3.0,13.1
12,4328,2016-09-02,36,1.534,15.2,3.7,1600.0,4686.0,42.0,189.0,133,63.0,68.0,3.0,3.0,11.5
13,4329,2016-09-02,35,1.536,15.3,3.8,1600.0,5707.0,43.0,188.0,133,40.0,81.0,3.0,3.0,11.2
14,4330,2016-09-02,27,1.235,13.1,3.9,1400.0,5551.0,45.0,190.0,105,45.0,78.0,3.0,4.0,11.5
15,4331,2016-09-02,31,1.259,9.0,3.7,900.0,4398.0,40.0,190.0,115,45.0,71.0,4.0,5.0,11.0
16,4332,2016-09-02,26,1.154,14.1,3.6,1600.0,4554.0,44.0,188.0,94,34.0,57.0,4.0,3.0,12.4
17,4333,2016-09-03,36,1.546,19.9,3.6,2200.0,4511.0,43.0,188.0,130,37.0,49.0,4.0,2.0,11.8
18,4334,2016-09-03,22,0.983,18.2,3.8,2000.0,4682.0,45.0,190.0,84,40.0,44.0,4.0,2.0,11.9
19,4335,2016-09-03,32,1.242,29.7,3.7,2900.0,7160.0,39.0,190.0,118,35.0,38.0,4.0,2.0,10.4
20,4336,2016-09-04,14,0.533,24.6,3.7,2400.0,6374.0,39.0,187.0,52,42.0,46.0,4.0,2.0,10.5
21,4337,2016-09-04,19,0.757,28.7,3.7,2800.0,7241.0,39.0,189.0,70,33.0,32.0,4.0,2.0,10.5
22,4338,2016-09-04,30,1.237,29.8,3.9,2900.0,8170.0,41.0,202.0,117,32.0,32.0,4.0,2.0,10.4
23,4339,2016-09-04,26,1.235,13.5,3.9,1500.0,5005.0,47.0,200.0,101,32.0,33.0,4.0,3.0,12.0
24,4340,2016-09-04,25,1.239,8.6,3.9,1000.0,3816.0,49.0,210.0,98,39.0,37.0,4.0,5.0,12.3
25,4341,2016-09-05,27,1.25,9.3,3.6,1100.0,3477.0,46.0,208.0,97,50.0,40.0,4.0,5.0,12.7
26,4342,2016-09-05,27,1.267,13.2,3.6,1600.0,3853.0,47.0,207.0,97,32.0,33.0,4.0,4.0,12.9
27,4343,2016-09-05,28,1.25,13.3,3.7,1500.0,3491.0,45.0,207.0,104,30.0,32.0,4.0,4.0,12.2
28,4344,2016-09-05,27,1.154,13.9,3.6,1500.0,2952.0,42.0,206.0,97,31.0,33.0,4.0,3.0,11.8
29,4345,2016-09-05,27,1.185,12.1,3.7,1300.0,3349.0,43.0,207.0,100,29.0,31.0,4.0,4.0,11.8
30,4346,2016-09-05,28,1.248,20.6,3.9,2200.0,5108.0,45.0,208.0,109,30.0,32.0,4.0,2.0,11.5
31,4347,2016-09-05,31,1.525,16.7,4.0,1900.0,3970.0,49.0,207.0,124,30.0,31.0,3.0,3.0,12.3
32,4348,2016-09-05,34,1.566,15.0,4.0,1600.0,3306.0,46.0,210.0,136,30.0,31.0,3.0,3.0,11.4
33,4349,2016-09-06,30,1.52,11.8,3.9,1400.0,3310.0,50.0,207.0,117,31.0,31.0,3.0,4.0,12.8
34,4350,2016-09-06,32,1.522,11.6,3.6,1400.0,3902.0,47.0,208.0,115,32.0,36.0,3.0,4.0,13.2
35,4351,2016-09-06,35,1.52,6.1,3.0,800.0,3491.0,43.0,208.0,105,32.0,49.0,3.0,5.0,14.1
36,4352,2016-09-06,27,1.275,11.5,3.5,1400.0,3974.0,46.0,208.0,95,34.0,34.0,3.0,4.0,13.2
37,4353,2016-09-06,32,1.533,9.4,3.4,1200.0,3058.0,47.0,208.0,109,32.0,37.0,3.0,5.0,13.9
38,4354,2016-09-06,30,1.254,10.7,3.6,1100.0,2824.0,40.0,212.0,108,33.0,34.0,3.0,4.0,11.1
39,4355,2016-09-06,25,1.237,14.1,3.5,1800.0,3004.0,48.0,207.0,88,31.0,33.0,3.0,3.0,13.7
40,4356,2016-09-07,27,1.251,26.7,3.8,3000.0,6297.0,46.0,208.0,103,30.0,32.0,3.0,2.0,11.9
41,4357,2016-09-07,28,1.228,25.1,3.8,2700.0,5641.0,44.0,208.0,106,35.0,31.0,3.0,2.0,11.6
42,4358,2016-09-07,28,1.245,16.2,3.3,2000.0,3243.0,44.0,206.0,92,31.0,31.0,3.0,3.0,13.4
43,4359,2016-09-07,9,0.459,19.3,3.5,2500.0,4464.0,49.0,206.0,32,31.0,32.0,3.0,2.0,14.0
44,4360,2016-09-07,22,1.008,20.1,3.9,2100.0,5052.0,44.0,209.0,86,32.0,31.0,3.0,2.0,11.3
45,4361,2016-09-07,29,1.227,29.0,3.9,2900.0,7129.0,42.0,207.0,113,30.0,31.0,3.0,2.0,10.9
46,4362,2016-09-07,33,1.532,31.8,3.9,3400.0,8051.0,45.0,208.0,129,30.0,32.0,3.0,2.0,11.6
47,4363,2016-09-07,34,1.535,33.4,4.1,3400.0,7613.0,45.0,207.0,139,30.0,33.0,3.0,2.0,11.0
48,4364,2016-09-07,37,1.548,35.5,4.5,3000.0,7035.0,41.0,209.0,167,30.0,32.0,3.0,2.0,9.2
49,4365,2016-09-07,23,1.054,34.9,4.6,3100.0,7929.0,44.0,208.0,106,30.0,32.0,3.0,2.0,9.7
50,4366,2016-09-07,40,1.748,32.0,4.4,2900.0,7123.0,43.0,204.0,176,30.0,33.0,3.0,2.0,9.8
51,4367,2016-09-08,28,1.256,22.3,3.8,2400.0,4762.0,44.0,206.0,106,31.0,32.0,4.0,2.0,11.6
52,4368,2016-09-08,28,1.219,20.4,3.7,2200.0,4548.0,43.0,208.0,104,30.0,32.0,4.0,2.0,11.9
53,4369,2016-09-08,28,1.235,23.2,3.5,2700.0,5780.0,44.0,207.0,98,31.0,31.0,4.0,2.0,12.3
54,4370,2016-09-08,32,1.381,27.4,3.9,2800.0,7058.0,43.0,207.0,125,30.0,31.0,4.0,2.0,11.0
55,4371,2016-09-08,24,1.237,18.2,4.1,2100.0,4490.0,51.0,207.0,98,31.0,31.0,4.0,2.0,12.4
56,4372,2016-09-08,27,1.263,31.6,4.3,3200.0,6919.0,47.0,209.0,116,30.0,31.0,4.0,2.0,10.8
57,4373,2016-09-08,25,1.24,34.8,4.3,3600.0,8136.0,48.0,208.0,108,30.0,31.0,4.0,2.0,11.1
58,4374,2016-09-08,25,1.234,30.3,4.3,3200.0,7540.0,49.0,206.0,108,31.0,32.0,4.0,2.0,11.3
59,4375,2016-09-08,24,1.234,29.1,4.3,3200.0,7609.0,51.0,207.0,103,33.0,42.0,4.0,2.0,11.7
60,4376,2016-09-09,26,1.185,24.5,4.0,2500.0,6123.0,44.0,208.0,104,33.0,38.0,4.0,2.0,11.1
61,4377,2016-09-09,27,1.261,24.2,3.9,2700.0,5853.0,47.0,208.0,105,32.0,36.0,4.0,2.0,12.1
62,4378,2016-09-09,26,1.259,27.8,3.9,3100.0,7893.0,47.0,209.0,101,35.0,36.0,4.0,2.0,12.1
63,4379,2016-09-09,26,1.252,16.2,3.7,1900.0,5174.0,47.0,209.0,96,40.0,46.0,4.0,3.0,12.6
64,4380,2016-09-09,24,1.387,12.4,4.0,1600.0,4490.0,56.0,206.0,96,36.0,37.0,4.0,4.0,13.9
65,4381,2016-09-09,24,1.208,16.7,4.2,1800.0,4945.0,49.0,208.0,101,36.0,35.0,4.0,3.0,11.6
66,4382,2016-09-09,25,1.242,30.9,4.3,3200.0,7075.0,48.0,207.0,108,35.0,36.0,4.0,2.0,11.3
67,4383,2016-09-09,28,1.258,31.6,4.0,3300.0,7258.0,45.0,209.0,112,32.0,32.0,4.0,2.0,11.0
68,4384,2016-09-10,29,1.25,30.3,3.9,3100.0,7229.0,43.0,208.0,113,31.0,33.0,4.0,2.0,11.1
69,4385,2016-09-10,28,1.243,19.0,3.6,2100.0,5162.0,43.0,212.0,101,34.0,34.0,4.0,2.0,11.8
70,4386,2016-09-10,26,1.197,15.1,3.7,1700.0,4694.0,45.0,207.0,96,35.0,32.0,4.0,3.0,12.3
71,4387,2016-09-10,28,1.234,16.3,3.7,1800.0,4549.0,44.0,207.0,104,33.0,32.0,4.0,3.0,11.8
72,4388,2016-09-10,27,1.218,16.0,3.7,1800.0,3498.0,45.0,207.0,100,32.0,32.0,4.0,3.0,12.0
73,4389,2016-09-10,27,1.254,9.5,3.7,1100.0,2621.0,46.0,208.0,100,31.0,31.0,4.0,4.0,12.3
74,4390,2016-09-10,26,1.254,9.4,3.4,1200.0,2898.0,47.0,208.0,88,31.0,31.0,4.0,4.0,13.8
75,4391,2016-09-10,26,1.228,15.6,3.7,1800.0,4093.0,46.0,207.0,96,31.0,31.0,4.0,3.0,12.4
76,4392,2016-09-11,31,1.534,17.6,3.8,2100.0,5208.0,49.0,209.0,118,31.0,32.0,4.0,2.0,12.9
77,4393,2016-09-11,32,1.481,22.3,3.8,2500.0,6011.0,46.0,208.0,122,32.0,32.0,4.0,2.0,12.0
78,4394,2016-09-11,34,1.52,16.2,3.9,1700.0,3758.0,44.0,208.0,133,32.0,32.0,4.0,3.0,11.5
79,4395,2016-09-11,31,1.385,14.9,3.8,1600.0,3586.0,44.0,208.0,118,33.0,32.0,4.0,3.0,11.7
81,4397,2016-09-12,27,1.249,13.8,3.6,1600.0,4399.0,45.0,207.0,97,62.0,61.0,3.0,3.0,12.6
82,4398,2016-09-12,28,1.226,15.0,3.6,1700.0,4587.0,44.0,207.0,101,26.0,89.0,3.0,3.0,12.1
83,4399,2016-09-12,27,1.219,14.5,3.7,1600.0,5075.0,44.0,208.0,100,30.0,66.0,3.0,3.0,11.8
84,4400,2016-09-12,25,1.147,11.1,4.1,1100.0,5665.0,44.0,208.0,103,28.0,64.0,3.0,4.0,10.9
85,4401,2016-09-12,27,1.238,10.8,4.1,1100.0,4361.0,45.0,210.0,111,29.0,55.0,3.0,4.0,11.1
86,4402,2016-09-13,25,1.236,11.8,4.1,1300.0,3864.0,49.0,209.0,103,28.0,47.0,4.0,4.0,12.0
87,4403,2016-09-13,24,1.239,11.2,4.0,1300.0,4021.0,50.0,207.0,96,29.0,40.0,4.0,4.0,12.4
88,4404,2016-09-13,25,1.237,15.4,4.1,1700.0,4733.0,49.0,207.0,103,30.0,33.0,4.0,3.0,12.1
89,4405,2016-09-13,32,1.287,16.0,3.4,1700.0,3160.0,39.0,209.0,109,33.0,37.0,4.0,3.0,11.4
90,4406,2016-09-13,29,1.222,11.4,3.1,1400.0,2974.0,41.0,208.0,90,31.0,32.0,4.0,4.0,13.5
91,4407,2016-09-13,29,1.247,15.4,3.4,1800.0,4195.0,43.0,208.0,99,32.0,30.0,4.0,3.0,12.6
92,4408,2016-09-13,26,1.227,18.7,4.2,1900.0,5384.0,46.0,208.0,109,31.0,30.0,4.0,2.0,10.9
93,4409,2016-09-14,31,1.546,16.1,4.3,1700.0,4713.0,49.0,207.0,133,30.0,37.0,4.0,3.0,11.5
94,4410,2016-09-14,33,1.539,12.8,4.2,1300.0,4226.0,46.0,208.0,139,35.0,46.0,4.0,4.0,11.1
95,4411,2016-09-14,32,1.474,10.9,4.2,1100.0,3628.0,46.0,208.0,134,44.0,44.0,4.0,4.0,11.0
96,4412,2016-09-14,28,1.166,11.1,4.2,1000.0,3559.0,41.0,206.0,118,42.0,48.0,4.0,4.0,10.0
97,4413,2016-09-14,26,1.246,11.4,3.9,1300.0,4079.0,48.0,207.0,101,49.0,51.0,4.0,4.0,12.1
98,4414,2016-09-14,26,1.226,12.8,3.9,1400.0,3601.0,46.0,210.0,101,40.0,41.0,4.0,4.0,12.1
99,4415,2016-09-15,27,1.244,12.8,3.9,1400.0,3907.0,46.0,206.0,105,35.0,36.0,4.0,4.0,11.9
100,4416,2016-09-15,28,1.22,10.8,3.9,1100.0,3600.0,43.0,207.0,109,34.0,35.0,4.0,4.0,11.1
101,4417,2016-09-15,34,1.438,12.3,4.0,1200.0,4057.0,42.0,208.0,136,37.0,46.0,4.0,4.0,10.4
102,4418,2016-09-15,29,1.214,11.4,3.7,1200.0,3781.0,42.0,208.0,107,40.0,72.0,4.0,4.0,11.3
103,4419,2016-09-15,29,1.247,10.2,3.7,1100.0,3687.0,43.0,208.0,107,40.0,62.0,4.0,4.0,11.7
104,4420,2016-09-15,28,1.229,13.0,3.6,1400.0,4253.0,42.0,207.0,101,48.0,52.0,4.0,4.0,11.7
105,4421,2016-09-15,27,1.274,11.9,3.7,1400.0,3899.0,47.0,209.0,100,46.0,40.0,4.0,4.0,12.8
106,4422,2016-09-15,26,1.23,13.4,3.9,1500.0,3724.0,47.0,211.0,101,43.0,38.0,4.0,4.0,12.2
107,4423,2016-09-16,29,1.365,10.1,4.0,1100.0,3178.0,47.0,209.0,116,39.0,34.0,4.0,4.0,11.8
108,4424,2016-09-16,28,1.214,10.0,3.9,1000.0,3171.0,42.0,206.0,109,40.0,33.0,4.0,4.0,10.9
109,4425,2016-09-16,28,1.251,12.4,3.9,1300.0,4193.0,44.0,207.0,109,35.0,32.0,4.0,4.0,11.4
110,4426,2016-09-16,26,1.22,10.0,3.8,1100.0,3825.0,45.0,206.0,99,40.0,34.0,4.0,4.0,12.1
111,4427,2016-09-16,27,1.246,8.2,3.8,900.0,3967.0,45.0,208.0,103,44.0,55.0,4.0,5.0,11.7
112,4428,2016-09-17,25,1.226,9.7,3.9,1100.0,3994.0,48.0,207.0,98,33.0,36.0,4.0,4.0,12.1
113,4429,2016-09-17,26,1.24,21.2,4.1,2200.0,5298.0,46.0,208.0,107,35.0,37.0,4.0,2.0,11.4
114,4430,2016-09-17,26,1.249,24.7,4.3,2500.0,5694.0,47.0,208.0,112,39.0,46.0,4.0,2.0,10.9
115,4431,2016-09-17,28,1.189,21.4,3.7,2200.0,4160.0,41.0,207.0,104,42.0,47.0,4.0,2.0,11.3
116,4432,2016-09-17,29,1.218,19.5,3.7,2000.0,5240.0,41.0,207.0,107,43.0,46.0,4.0,2.0,11.0
117,4433,2016-09-17,28,1.244,11.2,3.7,1200.0,4870.0,43.0,207.0,104,37.0,73.0,4.0,4.0,11.7
118,4434,2016-09-17,26,1.235,13.5,3.6,1600.0,4948.0,46.0,208.0,94,38.0,57.0,3.0,4.0,12.7
119,4435,2016-09-18,34,1.535,22.2,3.7,2500.0,5295.0,45.0,208.0,126,32.0,35.0,3.0,2.0,12.2
120,4436,2016-09-18,28,1.218,35.8,4.1,3400.0,7250.0,42.0,208.0,115,32.0,34.0,3.0,2.0,10.4
121,4437,2016-09-18,35,1.533,38.2,4.1,3800.0,7732.0,44.0,209.0,144,32.0,34.0,3.0,2.0,10.7
122,4438,2016-09-18,31,1.352,36.2,4.1,3600.0,7757.0,44.0,208.0,127,31.0,38.0,3.0,2.0,10.6
123,4439,2016-09-18,28,1.215,31.2,3.8,3200.0,6267.0,42.0,208.0,106,32.0,40.0,3.0,2.0,11.2
124,4440,2016-09-18,39,1.511,37.8,4.3,3100.0,7699.0,38.0,218.0,168,29.0,49.0,3.0,2.0,8.9
125,4441,2016-09-18,35,1.523,33.4,4.3,3100.0,7197.0,43.0,217.0,151,30.0,43.0,3.0,2.0,10.1
126,4442,2016-09-19,27,1.22,26.3,4.3,2500.0,5998.0,44.0,217.0,116,32.0,34.0,3.0,2.0,10.2
1,4545,2016-10-01,34,1.51,35.3,4.4,3200.0,8043.0,43.0,245.0,150,29.0,46.0,3.0,2.0,9.8
2,4546,2016-10-01,35,1.54,35.0,4.2,3400.0,7913.0,44.0,244.0,147,31.0,44.0,3.0,2.0,10.3
3,4547,2016-10-01,33,1.54,30.3,4.3,3000.0,7661.0,46.0,244.0,142,46.0,43.0,3.0,2.0,10.6
4,4548,2016-10-01,31,1.4,24.0,4.0,2500.0,6368.0,45.0,245.0,124,43.0,35.0,3.0,2.0,11.1
5,4549,2016-10-01,30,1.51,21.6,4.0,2500.0,5936.0,50.0,245.0,120,44.0,35.0,3.0,2.0,12.5
6,4550,2016-10-01,31,1.53,28.6,4.1,3100.0,7433.0,48.0,245.0,127,34.0,48.0,3.0,2.0,11.8
7,4551,2016-10-01,32,1.52,29.9,4.5,2900.0,7109.0,47.0,243.0,144,33.0,36.0,3.0,2.0,10.4
8,4552,2016-10-01,26,1.13,27.1,4.6,2400.0,6685.0,44.0,245.0,120,36.0,37.0,3.0,2.0,9.5
9,4553,2016-10-01,25,1.25,24.9,4.1,2700.0,6316.0,48.0,246.0,103,38.0,37.0,3.0,2.0,11.8
10,4554,2016-10-01,11,0.6,18.6,4.0,2200.0,4808.0,51.0,245.0,44,35.0,49.0,3.0,2.0,12.5
11,4555,2016-10-02,20,1.03,11.4,4.3,1200.0,3299.0,49.0,244.0,86,35.0,39.0,3.0,4.0,11.6
12,4556,2016-10-02,19,0.94,12.3,4.2,1300.0,3591.0,48.0,248.0,80,32.0,32.0,3.0,4.0,11.4
13,4557,2016-10-02,26,1.16,16.3,3.5,1900.0,4600.0,44.0,245.0,91,34.0,31.0,3.0,3.0,12.4
14,4558,2016-10-02,18,0.87,25.6,3.9,2800.0,6868.0,46.0,244.0,70,32.0,34.0,3.0,2.0,11.7
15,4559,2016-10-02,15,0.67,24.8,3.8,2600.0,6506.0,43.0,245.0,57,32.0,39.0,3.0,2.0,11.4
16,4560,2016-10-02,33,1.53,14.3,3.8,1600.0,3879.0,46.0,245.0,125,38.0,33.0,3.0,3.0,12.2
17,4561,2016-10-02,32,1.54,10.2,3.7,1200.0,3131.0,47.0,244.0,118,33.0,31.0,3.0,4.0,12.6
18,4562,2016-10-03,32,1.54,8.6,3.8,1000.0,3333.0,48.0,244.0,122,34.0,30.0,3.0,5.0,12.6
19,4563,2016-10-03,29,1.53,15.7,3.9,1900.0,3718.0,51.0,208.0,113,31.0,31.0,3.0,3.0,13.1
20,4564,2016-10-03,35,1.73,26.8,4.2,2900.0,6158.0,49.0,206.0,147,31.0,32.0,3.0,2.0,11.8
21,4565,2016-10-03,32,1.51,18.7,3.8,2100.0,4914.0,46.0,207.0,122,31.0,47.0,3.0,2.0,12.3
22,4566,2016-10-03,33,1.54,27.5,4.1,2800.0,7193.0,45.0,236.0,135,29.0,56.0,3.0,2.0,11.0
23,4567,2016-10-03,26,1.25,32.0,4.5,3100.0,8241.0,47.0,244.0,117,36.0,68.0,3.0,2.0,10.5
24,4568,2016-10-03,28,1.21,29.2,4.3,2700.0,9077.0,43.0,245.0,120,60.0,79.0,4.0,2.0,9.9
25,4569,2016-10-03,30,1.26,13.7,4.0,1300.0,7036.0,41.0,246.0,120,78.0,70.0,4.0,3.0,10.1
26,4570,2016-10-04,33,1.35,9.3,3.8,900.0,4964.0,40.0,245.0,125,54.0,60.0,4.0,5.0,10.5
27,4571,2016-10-04,30,1.23,7.4,3.5,800.0,3608.0,41.0,244.0,105,45.0,69.0,4.0,5.0,11.7
28,4572,2016-10-05,26,1.21,9.8,3.4,1200.0,3707.0,45.0,187.0,88,79.0,60.0,4.0,4.0,13.2
29,4573,2016-10-05,28,1.25,8.6,3.8,900.0,3542.0,43.0,188.0,106,64.0,42.0,4.0,5.0,11.5
30,4574,2016-10-05,25,1.25,6.6,3.7,800.0,3715.0,49.0,189.0,93,78.0,45.0,4.0,5.0,13.2
31,4575,2016-10-05,25,1.25,5.9,3.7,700.0,3304.0,48.0,189.0,93,79.0,41.0,4.0,5.0,12.9
32,4576,2016-10-05,27,1.33,0.9,3.7,100.0,2898.0,48.0,189.0,100,74.0,47.0,4.0,5.0,12.9
33,4577,2016-10-05,30,1.27,11.4,3.7,1200.0,2729.0,42.0,190.0,111,64.0,55.0,4.0,4.0,11.3
34,4578,2016-10-05,27,1.22,8.2,3.7,900.0,2963.0,44.0,185.0,100,56.0,42.0,4.0,5.0,11.7
35,4579,2016-10-05,28,1.25,9.3,3.8,1000.0,3063.0,44.0,189.0,106,50.0,40.0,4.0,5.0,11.7
36,4580,2016-10-06,29,1.23,12.4,3.7,1300.0,4049.0,42.0,189.0,107,69.0,73.0,4.0,4.0,11.4
37,4581,2016-10-06,29,1.2,17.5,3.7,1800.0,5134.0,41.0,189.0,107,59.0,67.0,4.0,3.0,11.0
38,4582,2016-10-06,34,1.18,20.5,3.8,1700.0,4845.0,34.0,191.0,129,57.0,41.0,4.0,2.0,9.0
39,4583,2016-10-06,24,1.22,19.1,4.3,2100.0,5305.0,51.0,207.0,103,50.0,35.0,4.0,2.0,11.9
40,4584,2016-10-06,25,1.25,17.6,4.2,1900.0,5018.0,49.0,206.0,105,35.0,37.0,4.0,2.0,11.7
41,4585,2016-10-06,23,1.2,14.5,4.2,1600.0,4257.0,50.0,206.0,97,32.0,41.0,4.0,3.0,12.0
42,4586,2016-10-06,24,1.24,15.4,4.2,1700.0,4628.0,50.0,208.0,101,29.0,57.0,4.0,3.0,12.0
43,4587,2016-10-06,31,1.53,15.7,4.2,1700.0,4735.0,49.0,205.0,130,34.0,61.0,4.0,3.0,11.5
44,4588,2016-10-07,34,1.52,14.0,3.8,1500.0,4626.0,44.0,208.0,129,40.0,76.0,4.0,3.0,11.6
45,4589,2016-10-07,32,1.54,14.9,3.9,1700.0,4930.0,48.0,207.0,125,40.0,61.0,4.0,3.0,12.3
46,4590,2016-10-07,30,1.49,18.1,4.1,2000.0,5116.0,49.0,208.0,123,35.0,55.0,4.0,2.0,12.0
47,4591,2016-10-07,26,1.25,20.7,4.1,2200.0,5698.0,47.0,208.0,107,42.0,63.0,4.0,2.0,11.4
48,4592,2016-10-07,26,1.23,24.6,4.2,2500.0,6257.0,46.0,207.0,109,36.0,61.0,4.0,2.0,11.1
49,4593,2016-10-07,24,1.26,21.3,4.2,2400.0,5807.0,51.0,209.0,101,37.0,59.0,4.0,2.0,12.1
50,4594,2016-10-07,25,1.23,21.8,4.3,2300.0,6424.0,49.0,207.0,108,34.0,63.0,4.0,2.0,11.5
51,4595,2016-10-08,27,1.23,26.4,4.4,2500.0,7182.0,45.0,207.0,119,29.0,78.0,4.0,2.0,10.2
52,4596,2016-10-08,25,1.27,20.9,4.3,2200.0,7485.0,49.0,207.0,108,42.0,78.0,4.0,2.0,11.3
53,4597,2016-10-08,26,1.25,15.6,4.0,1700.0,5576.0,47.0,208.0,104,52.0,69.0,4.0,3.0,12.0
54,4598,2016-10-08,30,1.26,16.5,4.0,1600.0,5189.0,42.0,205.0,120,37.0,50.0,4.0,3.0,10.6
55,4599,2016-10-08,26,1.23,14.6,3.9,1600.0,4077.0,46.0,209.0,101,35.0,44.0,4.0,3.0,11.9
56,4600,2016-10-08,25,1.22,12.0,3.9,1400.0,3509.0,49.0,209.0,98,33.0,38.0,4.0,4.0,12.9
57,4601,2016-10-08,24,1.22,9.3,3.9,1100.0,2942.0,50.0,207.0,94,33.0,33.0,4.0,5.0,13.0
58,4602,2016-10-09,24,1.25,10.1,3.9,1200.0,3314.0,50.0,209.0,94,35.0,34.0,4.0,4.0,13.0
59,4603,2016-10-09,24,1.25,9.7,3.8,1200.0,3564.0,51.0,207.0,91,52.0,35.0,4.0,4.0,13.3
60,4604,2016-10-09,27,1.42,9.4,3.7,1200.0,2980.0,51.0,209.0,100,80.0,31.0,4.0,5.0,13.7
61,4605,2016-10-09,33,1.5,12.8,3.8,1400.0,3415.0,45.0,209.0,125,64.0,26.0,4.0,4.0,11.6
62,4606,2016-10-09,20,0.95,19.7,4.0,2100.0,4803.0,46.0,207.0,80,43.0,30.0,4.0,2.0,11.5
63,4607,2016-10-09,13,0.55,30.5,4.1,2900.0,6508.0,42.0,208.0,53,37.0,31.0,4.0,2.0,10.2
64,4608,2016-10-09,28,1.23,21.6,4.0,2200.0,5378.0,44.0,207.0,112,45.0,30.0,4.0,2.0,11.0
65,4609,2016-10-09,27,1.23,11.9,3.9,1300.0,4096.0,46.0,208.0,105,49.0,42.0,4.0,4.0,11.9
66,4610,2016-10-10,26,1.23,11.9,3.7,1400.0,3530.0,47.0,208.0,96,38.0,42.0,4.0,4.0,12.6
67,4611,2016-10-10,18,0.79,9.1,3.7,1000.0,2867.0,44.0,208.0,67,31.0,38.0,4.0,5.0,12.0
68,4612,2016-10-10,9,0.46,10.6,3.7,1300.0,3157.0,49.0,206.0,33,31.0,32.0,4.0,4.0,13.1
69,4613,2016-10-10,27,1.25,12.5,3.8,1400.0,3610.0,46.0,209.0,103,30.0,32.0,4.0,4.0,12.1
70,4614,2016-10-10,26,1.24,13.4,3.8,1500.0,3368.0,46.0,206.0,99,30.0,33.0,4.0,4.0,12.2
71,4615,2016-10-11,25,1.22,14.0,3.8,1600.0,3219.0,47.0,204.0,95,31.0,33.0,4.0,3.0,12.9
72,4616,2016-10-11,28,1.33,24.0,4.1,2500.0,5260.0,46.0,208.0,115,31.0,0.0,4.0,2.0,11.2
73,4617,2016-10-11,26,1.23,26.4,4.2,2800.0,6303.0,48.0,214.0,109,31.0,32.0,4.0,2.0,11.4
74,4618,2016-10-11,25,1.23,20.3,4.1,2200.0,4494.0,48.0,216.0,103,31.0,31.0,4.0,2.0,11.8
75,4619,2016-10-11,34,1.52,27.7,3.9,2900.0,5727.0,44.0,216.0,133,31.0,31.0,4.0,2.0,11.3
76,4620,2016-10-11,30,1.54,36.2,4.3,3900.0,7491.0,50.0,217.0,129,30.0,31.0,4.0,2.0,11.8
77,4621,2016-10-11,31,1.54,33.1,4.3,3500.0,7618.0,49.0,215.0,133,35.0,42.0,4.0,2.0,11.5
78,4622,2016-10-11,26,1.22,24.7,4.3,2500.0,6656.0,47.0,216.0,112,35.0,45.0,4.0,2.0,11.2
79,4623,2016-10-12,30,1.45,31.9,4.8,2900.0,7713.0,47.0,217.0,144,32.0,36.0,4.0,2.0,9.8
80,4624,2016-10-12,26,1.25,27.0,4.8,2500.0,6123.0,48.0,216.0,125,32.0,36.0,3.0,2.0,10.0
81,4625,2016-10-12,26,1.25,28.5,4.7,2700.0,7019.0,48.0,216.0,122,31.0,34.0,3.0,2.0,10.3
82,4626,2016-10-12,27,1.24,29.8,4.7,2700.0,7662.0,46.0,217.0,127,31.0,32.0,3.0,2.0,9.7
83,4627,2016-10-12,38,1.27,42.6,4.5,2900.0,8676.0,33.0,217.0,171,30.0,33.0,4.0,2.0,7.5
84,4628,2016-10-12,34,1.16,40.9,4.3,3000.0,9442.0,34.0,217.0,146,31.0,44.0,4.0,2.0,7.9
85,4629,2016-10-12,29,-0.12,27.7,4.0,2700.0,6715.0,42.0,218.0,116,35.0,68.0,4.0,2.0,10.6
86,4630,2016-10-12,33,1.28,31.4,4.2,2700.0,9138.0,39.0,216.0,139,32.0,39.0,4.0,2.0,9.2
87,4631,2016-10-12,26,1.25,23.1,4.2,2500.0,6718.0,49.0,217.0,109,32.0,36.0,4.0,2.0,11.6
88,4632,2016-10-12,10,0.47,15.8,3.9,1800.0,4231.0,48.0,215.0,39,36.0,38.0,4.0,3.0,12.3
89,4633,2016-10-13,25,1.23,18.0,3.9,2100.0,5360.0,49.0,216.0,98,34.0,38.0,4.0,2.0,12.4
90,4634,2016-10-13,18,0.8,25.2,4.2,2500.0,6490.0,45.0,216.0,76,32.0,33.0,4.0,2.0,10.9
91,4635,2016-10-13,27,1.25,27.9,4.4,2700.0,6583.0,46.0,217.0,119,33.0,32.0,4.0,2.0,10.4
92,4636,2016-10-13,30,1.24,31.9,4.5,2700.0,6578.0,41.0,216.0,135,34.0,31.0,4.0,2.0,9.1
93,4637,2016-10-13,32,1.59,23.1,4.2,2500.0,5523.0,49.0,217.0,134,34.0,32.0,4.0,2.0,11.7
94,4638,2016-10-13,30,1.4,24.2,4.3,2400.0,6078.0,46.0,217.0,129,32.0,28.0,4.0,2.0,10.7
95,4639,2016-10-13,6,0.22,6.3,3.8,600.0,3378.0,39.0,219.0,23,48.0,36.0,4.0,5.0,10.1
96,4640,2016-10-13,24,1.03,20.5,3.8,2200.0,4626.0,44.0,216.0,91,35.0,32.0,4.0,2.0,11.4
97,4641,2016-10-13,35,1.54,26.8,3.9,2800.0,5871.0,44.0,217.0,137,32.0,32.0,4.0,2.0,11.2
98,4642,2016-10-13,28,1.25,24.9,3.9,2600.0,5781.0,44.0,216.0,109,39.0,38.0,4.0,2.0,11.4
99,4643,2016-10-14,36,1.63,26.7,4.1,2600.0,6515.0,43.0,217.0,148,37.0,35.0,4.0,2.0,10.5
100,4644,2016-10-14,27,1.17,30.0,4.6,2600.0,7526.0,43.0,216.0,124,33.0,31.0,4.0,2.0,9.2
101,4645,2016-10-14,39,1.53,33.2,4.5,2600.0,7972.0,38.0,216.0,176,31.0,32.0,4.0,2.0,8.6
102,4646,2016-10-14,42,1.71,37.1,5.1,2700.0,8680.0,40.0,219.0,214,31.0,31.0,4.0,2.0,7.8
103,4647,2016-10-14,53,1.54,23.2,3.9,1600.0,6573.0,29.0,217.0,207,33.0,33.0,4.0,2.0,7.4
104,4648,2016-10-14,47,1.55,23.5,4.0,1800.0,5678.0,33.0,217.0,188,36.0,38.0,4.0,2.0,8.3
105,4649,2016-10-14,34,1.53,17.2,3.9,1800.0,4620.0,44.0,217.0,133,49.0,66.0,4.0,3.0,11.2
106,4650,2016-10-14,27,1.22,15.9,3.9,1700.0,4592.0,45.0,216.0,105,35.0,35.0,4.0,3.0,11.4
107,4651,2016-10-15,34,1.25,25.7,3.9,2200.0,7210.0,36.0,215.0,133,31.0,34.0,4.0,2.0,9.3
108,4652,2016-10-15,42,1.52,32.3,4.0,2700.0,7078.0,36.0,217.0,168,36.0,43.0,4.0,2.0,9.0
109,4653,2016-10-15,32,1.24,28.4,4.0,2500.0,6680.0,38.0,217.0,128,56.0,40.0,4.0,2.0,9.5
110,4654,2016-10-15,28,1.24,21.0,3.9,2200.0,5035.0,44.0,219.0,109,40.0,32.0,4.0,2.0,11.2
111,4655,2016-10-15,30,1.43,28.3,4.4,2800.0,6125.0,47.0,216.0,132,32.0,31.0,4.0,2.0,10.8
112,4656,2016-10-15,30,1.23,29.7,3.8,2900.0,6802.0,40.0,216.0,114,33.0,37.0,3.0,2.0,10.4
113,4657,2016-10-15,33,1.55,20.6,4.4,2000.0,5641.0,46.0,215.0,145,58.0,41.0,3.0,2.0,10.4
114,4658,2016-10-15,35,1.54,13.1,4.0,1300.0,3985.0,43.0,216.0,140,33.0,32.0,3.0,4.0,10.8
115,4659,2016-10-15,32,1.52,16.1,3.9,1800.0,4750.0,47.0,216.0,125,31.0,31.0,3.0,3.0,12.1
116,4660,2016-10-15,31,1.54,17.7,3.9,2100.0,4228.0,50.0,216.0,121,31.0,32.0,3.0,3.0,12.7
117,4661,2016-10-15,11,0.53,18.9,3.9,2200.0,4675.0,49.0,217.0,43,34.0,33.0,3.0,2.0,12.4
118,4662,2016-10-16,21,1.0,22.5,4.0,2400.0,5726.0,46.0,217.0,84,42.0,32.0,3.0,2.0,11.7
119,4663,2016-10-16,31,1.49,24.5,4.2,2700.0,5967.0,50.0,216.0,130,34.0,34.0,3.0,2.0,11.9
120,4664,2016-10-16,27,1.14,26.1,4.0,2600.0,5913.0,43.0,219.0,108,41.0,38.0,3.0,2.0,10.7
121,4665,2016-10-16,28,1.22,28.4,4.2,2700.0,5488.0,43.0,217.0,118,39.0,39.0,3.0,2.0,10.3
122,4666,2016-10-16,11,0.43,25.4,4.1,2300.0,5012.0,40.0,215.0,45,36.0,36.0,3.0,2.0,9.6
123,4667,2016-10-16,28,1.24,24.9,3.9,2600.0,5755.0,44.0,218.0,109,41.0,35.0,3.0,2.0,11.5
124,4668,2016-10-17,25,1.26,22.6,4.2,2500.0,5395.0,50.0,216.0,105,39.0,32.0,3.0,2.0,11.7
125,4669,2016-10-17,33,1.53,25.2,4.3,2500.0,5845.0,46.0,216.0,142,31.0,31.0,3.0,2.0,10.8
126,4670,2016-10-17,33,1.52,25.2,4.3,2500.0,5442.0,46.0,217.0,142,32.0,32.0,3.0,2.0,10.6
127,4671,2016-10-17,34,1.53,26.8,4.3,2600.0,5930.0,45.0,216.0,146,31.0,32.0,3.0,2.0,10.5
128,4672,2016-10-17,33,1.52,18.3,3.9,2000.0,4874.0,46.0,218.0,129,31.0,32.0,3.0,2.0,12.0
129,4673,2016-10-17,36,1.53,18.5,4.0,1800.0,5187.0,42.0,216.0,144,31.0,33.0,3.0,2.0,10.7
1,4784,2016-11-01,32,1.51,10.5,3.8,1200.0,3502.0,47.0,188.0,122,55.0,58.0,4.0,4.0,12.3
2,4785,2016-11-01,26,1.25,7.9,3.8,900.0,3235.0,47.0,188.0,99,48.0,44.0,4.0,5.0,12.3
3,4786,2016-11-01,31,1.53,8.3,4.2,900.0,3359.0,49.0,188.0,130,54.0,47.0,4.0,5.0,11.7
4,4787,2016-11-01,27,1.44,9.1,4.0,1100.0,3006.0,52.0,187.0,108,38.0,30.0,4.0,5.0,12.9
5,4788,2016-11-01,28,1.22,8.0,3.6,900.0,3007.0,44.0,186.0,101,66.0,50.0,4.0,5.0,12.2
6,4789,2016-11-01,26,1.23,9.3,3.6,1100.0,3223.0,46.0,188.0,94,57.0,50.0,4.0,5.0,12.7
7,4790,2016-11-01,26,1.24,9.3,3.6,1100.0,3356.0,46.0,188.0,94,58.0,57.0,4.0,5.0,12.9
8,4791,2016-11-01,27,1.26,10.2,3.6,1200.0,3789.0,46.0,188.0,97,77.0,71.0,4.0,4.0,12.7
9,4792,2016-11-01,27,1.24,9.5,3.6,1100.0,3593.0,45.0,187.0,97,56.0,44.0,4.0,4.0,12.4
10,4793,2016-11-01,26,1.23,10.2,3.7,1200.0,3703.0,47.0,189.0,96,58.0,48.0,4.0,4.0,12.8
11,4794,2016-11-02,34,1.58,10.7,3.8,1200.0,3902.0,46.0,188.0,129,56.0,46.0,4.0,4.0,12.2
12,4795,2016-11-02,21,0.92,9.6,3.9,1000.0,3547.0,44.0,187.0,82,64.0,54.0,4.0,4.0,11.1
13,4796,2016-11-02,32,1.47,12.8,3.9,1400.0,3666.0,46.0,189.0,125,55.0,55.0,4.0,4.0,11.7
14,4797,2016-11-02,30,1.44,10.8,3.9,1200.0,3679.0,47.0,189.0,117,45.0,63.0,4.0,4.0,12.1
15,4798,2016-11-02,26,1.22,10.7,3.5,1300.0,3479.0,46.0,191.0,91,46.0,64.0,4.0,4.0,12.9
16,4799,2016-11-02,27,1.26,8.5,3.6,1000.0,3762.0,46.0,191.0,97,48.0,60.0,4.0,5.0,12.8
17,4800,2016-11-02,26,1.23,8.7,3.7,1000.0,3713.0,46.0,189.0,96,54.0,67.0,4.0,5.0,12.4
18,4801,2016-11-02,26,1.24,8.7,3.7,1000.0,3548.0,46.0,189.0,96,44.0,49.0,4.0,5.0,12.4
19,4802,2016-11-03,23,1.09,12.2,3.7,1400.0,3479.0,46.0,190.0,85,44.0,46.0,4.0,4.0,12.5
20,4803,2016-11-03,27,1.21,10.9,3.7,1200.0,3168.0,44.0,683.0,100,45.0,50.0,4.0,4.0,11.7
21,4804,2016-11-04,30,1.44,9.6,3.8,1100.0,3550.0,47.0,190.0,114,43.0,41.0,4.0,4.0,12.3
22,4805,2016-11-04,25,1.22,9.4,3.7,1100.0,3691.0,47.0,189.0,93,53.0,57.0,4.0,5.0,12.9
23,4806,2016-11-04,25,1.19,6.8,3.7,800.0,3224.0,47.0,189.0,93,46.0,59.0,4.0,5.0,12.8
24,4807,2016-11-04,26,1.25,6.8,3.7,800.0,3167.0,47.0,189.0,96,48.0,51.0,4.0,5.0,12.6
25,4808,2016-11-04,26,1.24,8.5,3.6,1000.0,3104.0,46.0,191.0,94,52.0,48.0,4.0,5.0,12.7
26,4809,2016-11-04,33,1.53,10.4,3.7,1200.0,3441.0,46.0,189.0,122,54.0,52.0,4.0,4.0,12.4
27,4810,2016-11-04,33,1.53,11.6,3.8,1300.0,3264.0,46.0,187.0,125,41.0,39.0,4.0,4.0,12.1
28,4811,2016-11-05,34,1.53,10.9,3.7,1200.0,3417.0,44.0,190.0,126,64.0,42.0,4.0,4.0,11.8
29,4812,2016-11-05,37,1.55,13.6,3.7,1400.0,4321.0,41.0,189.0,137,66.0,46.0,3.0,4.0,11.1
30,4813,2016-11-05,16,0.64,10.5,4.1,900.0,5313.0,38.0,195.0,66,57.0,69.0,3.0,4.0,9.4
31,4814,2016-11-05,23,0.9,9.8,3.8,900.0,5652.0,38.0,209.0,87,50.0,79.0,3.0,4.0,9.9
32,4815,2016-11-05,28,1.23,8.6,3.8,900.0,3914.0,43.0,207.0,106,41.0,54.0,3.0,5.0,11.5
33,4816,2016-11-05,28,1.23,10.3,3.8,1100.0,3877.0,44.0,210.0,106,34.0,40.0,3.0,4.0,11.7
34,4817,2016-11-05,30,1.23,10.7,3.6,1100.0,4494.0,40.0,208.0,108,33.0,59.0,3.0,4.0,10.9
35,4818,2016-11-05,27,1.26,8.1,3.8,900.0,4037.0,46.0,209.0,103,33.0,77.0,3.0,5.0,12.1
36,4819,2016-11-05,26,1.23,9.8,3.8,1100.0,4190.0,46.0,208.0,99,43.0,74.0,4.0,4.0,12.1
37,4820,2016-11-05,26,1.23,8.3,3.9,900.0,4404.0,46.0,210.0,101,45.0,72.0,4.0,5.0,11.9
38,4821,2016-11-06,29,1.25,10.1,4.0,1000.0,4279.0,43.0,207.0,116,53.0,63.0,4.0,4.0,10.8
39,4822,2016-11-06,32,1.22,11.4,4.0,1000.0,3897.0,38.0,204.0,128,61.0,49.0,4.0,4.0,9.4
40,4823,2016-11-06,30,1.19,8.9,4.0,800.0,3448.0,39.0,209.0,120,66.0,58.0,4.0,5.0,9.8
41,4824,2016-11-06,33,1.24,7.6,3.7,700.0,4090.0,37.0,209.0,122,54.0,67.0,4.0,5.0,10.1
42,4825,2016-11-06,26,1.25,5.1,3.7,600.0,3359.0,47.0,206.0,96,60.0,34.0,4.0,5.0,12.6
43,4826,2016-11-06,22,1.22,9.6,4.0,1200.0,3128.0,54.0,206.0,88,77.0,39.0,4.0,4.0,13.2
44,4827,2016-11-07,23,1.23,12.4,4.0,1500.0,2867.0,52.0,209.0,92,61.0,30.0,4.0,4.0,13.0
45,4828,2016-11-07,27,1.44,10.2,4.1,1200.0,2839.0,52.0,207.0,111,81.0,29.0,4.0,4.0,12.7
46,4829,2016-11-07,28,1.22,10.0,3.6,1100.0,3471.0,43.0,206.0,101,78.0,65.0,4.0,4.0,12.0
47,4830,2016-11-07,26,1.26,10.5,3.9,1200.0,3705.0,48.0,207.0,101,52.0,56.0,4.0,4.0,12.4
48,4831,2016-11-07,29,1.25,12.1,4.0,1200.0,4203.0,43.0,210.0,116,54.0,49.0,4.0,4.0,10.8
49,4832,2016-11-07,28,1.24,10.8,3.9,1100.0,3881.0,43.0,208.0,109,45.0,48.0,4.0,4.0,11.2
50,4833,2016-11-08,29,1.24,11.0,3.9,1100.0,3951.0,42.0,208.0,113,56.0,38.0,4.0,4.0,10.9
51,4834,2016-11-08,35,1.54,8.8,3.9,900.0,3983.0,43.0,208.0,137,56.0,47.0,4.0,5.0,11.1
52,4835,2016-11-08,32,1.44,9.3,3.8,1000.0,4232.0,44.0,209.0,122,46.0,45.0,4.0,5.0,11.4
53,4836,2016-11-08,24,1.23,6.8,3.9,800.0,3670.0,50.0,205.0,94,35.0,41.0,4.0,5.0,12.8
54,4837,2016-11-08,26,1.24,6.3,3.8,700.0,3218.0,46.0,207.0,99,36.0,37.0,4.0,5.0,12.2
55,4838,2016-11-08,24,1.24,6.8,3.9,800.0,3629.0,50.0,209.0,94,45.0,55.0,4.0,5.0,12.9
56,4839,2016-11-08,27,1.23,9.1,3.8,1000.0,4081.0,45.0,206.0,103,76.0,69.0,4.0,5.0,11.9
57,4840,2016-11-08,27,1.24,9.4,3.9,1000.0,4470.0,45.0,205.0,105,71.0,70.0,4.0,5.0,11.5
58,4841,2016-11-08,27,1.24,6.8,3.9,700.0,5474.0,44.0,211.0,105,63.0,59.0,4.0,5.0,11.5
59,4842,2016-11-09,26,1.25,6.0,3.8,700.0,3935.0,48.0,208.0,99,56.0,63.0,4.0,5.0,12.7
60,4843,2016-11-09,25,1.23,5.7,3.7,700.0,3238.0,49.0,207.0,93,44.0,58.0,4.0,5.0,13.0
61,4844,2016-11-09,30,-0.05,10.2,3.7,1200.0,3073.0,47.0,206.0,111,36.0,31.0,4.0,4.0,12.5
62,4845,2016-11-09,28,1.23,9.9,3.5,1100.0,4120.0,42.0,207.0,98,69.0,46.0,4.0,4.0,12.0
63,4846,2016-11-09,29,1.25,12.0,3.9,1200.0,4708.0,42.0,209.0,113,63.0,47.0,4.0,4.0,10.9
64,4847,2016-11-09,27,1.25,9.8,3.8,1100.0,4295.0,46.0,208.0,103,34.0,52.0,4.0,4.0,12.0
65,4848,2016-11-10,28,1.24,15.3,3.9,1600.0,4792.0,44.0,208.0,109,31.0,54.0,4.0,3.0,11.3
66,4849,2016-11-10,35,1.21,17.1,3.6,1500.0,4587.0,34.0,210.0,126,50.0,59.0,4.0,3.0,9.3
67,4850,2016-11-10,30,1.24,13.8,3.5,1500.0,4083.0,41.0,208.0,105,48.0,45.0,4.0,3.0,11.5
68,4851,2016-11-10,30,1.24,12.0,3.5,1300.0,3753.0,41.0,208.0,105,36.0,49.0,4.0,4.0,11.7
69,4852,2016-11-10,28,1.21,11.5,3.8,1200.0,3844.0,43.0,209.0,106,39.0,53.0,4.0,4.0,11.3
70,4853,2016-11-11,28,1.25,9.4,3.8,1000.0,4452.0,44.0,207.0,106,50.0,54.0,4.0,4.0,11.3
71,4854,2016-11-11,25,1.25,11.1,4.2,1200.0,4747.0,49.0,208.0,105,40.0,66.0,4.0,4.0,11.6
72,4855,2016-11-11,26,1.25,11.1,3.8,1300.0,4032.0,48.0,208.0,99,32.0,90.0,4.0,4.0,12.4
73,4856,2016-11-11,29,1.44,10.9,3.8,1300.0,3604.0,49.0,208.0,110,31.0,67.0,4.0,4.0,13.1
74,4857,2016-11-11,24,1.22,7.2,3.7,900.0,3265.0,50.0,206.0,89,51.0,57.0,4.0,5.0,13.3
75,4858,2016-11-11,25,1.24,7.5,3.7,900.0,3522.0,48.0,206.0,93,57.0,48.0,4.0,5.0,12.9
76,4859,2016-11-11,25,1.24,6.7,3.7,800.0,4200.0,48.0,207.0,93,52.0,38.0,4.0,5.0,12.9
77,4860,2016-11-11,25,1.22,5.0,3.7,600.0,3861.0,48.0,209.0,93,62.0,52.0,4.0,5.0,12.8
78,4861,2016-11-11,25,1.23,5.6,3.6,700.0,3142.0,49.0,207.0,90,46.0,40.0,4.0,5.0,13.6
79,4862,2016-11-11,26,1.24,7.5,3.7,900.0,3421.0,48.0,206.0,96,48.0,38.0,4.0,5.0,13.0
80,4863,2016-11-11,24,1.24,7.4,3.8,900.0,3071.0,50.0,208.0,91,59.0,41.0,4.0,5.0,13.2
81,4864,2016-11-12,35,1.74,8.2,3.7,1000.0,3515.0,49.0,209.0,130,60.0,37.0,3.0,5.0,13.1
82,4865,2016-11-12,22,1.05,8.3,3.7,1000.0,3360.0,48.0,208.0,81,52.0,48.0,3.0,5.0,12.9
83,4866,2016-11-12,33,1.54,8.7,3.7,1000.0,3751.0,46.0,209.0,122,85.0,52.0,3.0,5.0,12.5
84,4867,2016-11-12,31,-0.09,10.2,3.6,1000.0,3899.0,38.0,210.0,112,85.0,40.0,3.0,4.0,10.6
85,4868,2016-11-12,26,1.23,7.2,3.8,800.0,4119.0,46.0,210.0,99,78.0,36.0,3.0,5.0,12.0
86,4869,2016-11-12,27,1.23,7.4,3.5,900.0,3572.0,46.0,210.0,95,57.0,49.0,3.0,5.0,12.9
87,4870,2016-11-12,26,1.23,9.4,3.4,1200.0,3264.0,47.0,208.0,88,50.0,45.0,3.0,5.0,13.9
88,4871,2016-11-12,27,1.23,10.0,3.4,1200.0,3081.0,44.0,210.0,92,46.0,54.0,3.0,4.0,12.9
89,4872,2016-11-13,28,1.26,9.7,3.6,1100.0,2869.0,44.0,207.0,101,35.0,54.0,3.0,4.0,12.4
90,4873,2016-11-13,30,1.54,6.6,3.8,800.0,2863.0,50.0,198.0,114,31.0,43.0,3.0,4.0,13.3
91,4874,2016-11-13,28,1.44,7.4,3.8,900.0,3001.0,50.0,197.0,106,38.0,55.0,3.0,5.0,13.1
92,4875,2016-11-13,30,1.43,5.0,3.6,600.0,3407.0,47.0,200.0,108,74.0,82.0,3.0,5.0,13.1
93,4876,2016-11-13,25,1.25,8.6,3.6,1100.0,3485.0,50.0,199.0,90,56.0,63.0,3.0,5.0,13.7
94,4877,2016-11-13,32,1.46,8.3,3.9,900.0,4458.0,46.0,197.0,125,71.0,79.0,3.0,5.0,11.6
95,4878,2016-11-13,26,1.23,10.1,3.9,1100.0,4039.0,46.0,197.0,101,41.0,65.0,4.0,4.0,11.8
96,4879,2016-11-14,28,1.23,8.1,3.8,900.0,4029.0,46.0,198.0,106,52.0,49.0,4.0,5.0,12.1
97,4880,2016-11-14,28,1.46,8.5,4.1,1000.0,3642.0,52.0,199.0,115,38.0,36.0,4.0,5.0,12.7
98,4881,2016-11-14,27,1.21,6.7,3.5,800.0,3738.0,45.0,199.0,95,60.0,44.0,4.0,5.0,12.7
99,4882,2016-11-14,25,1.19,9.6,3.7,1100.0,3670.0,46.0,199.0,93,60.0,45.0,4.0,4.0,12.4
100,4883,2016-11-14,27,1.27,6.6,3.5,800.0,3498.0,46.0,197.0,95,53.0,53.0,4.0,5.0,13.4
101,4884,2016-11-14,25,1.23,7.7,3.4,1000.0,3001.0,48.0,200.0,85,46.0,53.0,4.0,5.0,13.9
102,4885,2016-11-14,24,1.23,9.7,4.0,1100.0,2953.0,49.0,195.0,96,49.0,69.0,4.0,4.0,12.3
103,4886,2016-11-15,26,1.23,11.9,4.0,1300.0,3195.0,47.0,197.0,104,32.0,61.0,4.0,4.0,11.6
104,4887,2016-11-15,31,1.43,13.4,3.8,1500.0,3947.0,46.0,198.0,118,46.0,73.0,4.0,4.0,11.9
105,4888,2016-11-15,27,1.24,11.2,3.9,1200.0,3560.0,45.0,196.0,105,33.0,64.0,4.0,4.0,11.5
106,4889,2016-11-16,27,1.23,12.4,3.7,1400.0,3640.0,45.0,198.0,100,26.0,71.0,4.0,4.0,12.1
107,4890,2016-11-16,29,1.25,13.0,3.6,1400.0,3744.0,42.0,198.0,104,24.0,74.0,4.0,4.0,11.6
108,4891,2016-11-16,30,1.24,12.0,3.5,1300.0,3447.0,41.0,198.0,105,29.0,57.0,4.0,4.0,11.7
109,4892,2016-11-16,26,1.1,11.7,3.5,1300.0,3720.0,42.0,198.0,91,59.0,50.0,4.0,4.0,12.1
110,4893,2016-11-16,32,1.45,14.0,3.8,1500.0,4217.0,44.0,198.0,122,39.0,33.0,4.0,3.0,11.6
111,4894,2016-11-16,28,1.26,14.8,4.3,1400.0,5103.0,44.0,198.0,120,48.0,46.0,4.0,3.0,10.2
112,4895,2016-11-16,28,1.24,18.1,4.6,1600.0,5118.0,44.0,199.0,129,71.0,72.0,4.0,2.0,9.7
113,4896,2016-11-16,30,1.24,14.7,4.0,1400.0,4505.0,41.0,198.0,120,73.0,51.0,4.0,3.0,10.3
114,4897,2016-11-16,26,1.26,12.2,3.8,1400.0,3873.0,47.0,199.0,99,67.0,56.0,4.0,4.0,12.6
115,4898,2016-11-16,27,1.28,15.8,4.3,1600.0,4961.0,47.0,198.0,116,56.0,70.0,4.0,3.0,10.8
116,4899,2016-11-16,31,1.24,23.9,4.8,1800.0,6280.0,39.0,216.0,149,56.0,61.0,4.0,2.0,8.2
117,4900,2016-11-17,34,1.23,27.9,4.9,1900.0,6944.0,36.0,217.0,167,74.0,40.0,4.0,2.0,7.2
118,4901,2016-11-17,35,1.25,14.9,4.4,1100.0,5454.0,35.0,215.0,154,63.0,35.0,4.0,3.0,8.0
119,4902,2016-11-17,43,1.44,10.8,4.7,700.0,6485.0,33.0,217.0,202,66.0,48.0,4.0,4.0,7.0
120,4903,2016-11-17,29,1.25,13.0,4.6,1100.0,4902.0,42.0,216.0,133,28.0,79.0,4.0,4.0,9.3
121,4904,2016-11-17,27,1.26,9.9,4.2,1000.0,4026.0,46.0,215.0,113,33.0,82.0,4.0,4.0,11.0
122,4905,2016-11-17,26,1.22,9.1,3.6,1100.0,3331.0,47.0,216.0,94,48.0,61.0,4.0,5.0,13.2
123,4906,2016-11-17,26,1.24,10.8,3.9,1200.0,4231.0,47.0,197.0,101,51.0,47.0,4.0,4.0,12.1
124,4907,2016-11-17,30,1.25,10.3,3.9,1000.0,3016.0,41.0,195.0,117,39.0,32.0,4.0,4.0,10.6
125,4908,2016-11-18,30,1.26,10.7,3.8,1100.0,2617.0,42.0,198.0,114,36.0,33.0,4.0,4.0,11.1
126,4909,2016-11-18,33,1.54,7.0,3.7,800.0,2724.0,46.0,198.0,122,35.0,30.0,4.0,5.0,12.6
127,4910,2016-11-18,18,0.87,8.6,3.8,1000.0,2966.0,48.0,196.0,68,34.0,28.0,4.0,5.0,12.8
128,4911,2016-11-18,40,1.68,7.2,3.4,800.0,2914.0,41.0,200.0,136,37.0,30.0,4.0,5.0,12.0
129,4912,2016-11-18,33,1.52,8.3,3.2,1100.0,2783.0,46.0,199.0,106,39.0,31.0,4.0,5.0,14.5
130,4913,2016-11-18,27,1.23,8.4,3.1,1100.0,2601.0,44.0,189.0,84,37.0,31.0,4.0,5.0,14.2
131,4914,2016-11-18,34,1.52,7.4,3.4,900.0,3040.0,45.0,191.0,116,45.0,35.0,4.0,5.0,13.3
132,4915,2016-11-18,5,0.15,7.9,3.4,600.0,2546.0,28.0,186.0,17,81.0,79.0,4.0,5.0,8.3
133,4916,2016-11-18,24,1.08,8.8,3.5,1000.0,3465.0,43.0,188.0,84,49.0,57.0,4.0,5.0,12.2
